Zipcode,Latitude,Longitude
1010,48.2091,16.3697
1020,48.1989,16.428
1030,48.1938,16.3965
1040,48.1918,16.3715
1050,48.1881,16.3536
1060,48.1953,16.3469
1070,48.2023,16.349
1080,48.2108,16.3471
1090,48.2245,16.3584
1100,48.1528,16.3841
1110,48.1626,16.4589
1120,48.1721,16.3287
1130,48.1787,16.2531
1140,48.2256,16.2223
1150,48.1954,16.3262
1160,48.215,16.302
1170,48.2352,16.2841
1180,48.234,16.3218
1190,48.2605,16.3282
1200,48.2441,16.3772
1210,48.2792,16.412
1220,48.2156,16.4843
1230,48.1414,16.2942
1300,48.1115,16.5702
2000,48.3867,16.1913
2002,48.5085,16.2348
2003,48.4244,16.2579
2004,48.4648,16.2983
2011,48.4509,16.1651
2013,48.5098,16.1397
2014,48.5157,16.0609
2020,48.5766,16.0581
2022,48.6518,16.1306
2023,48.6258,16.1778
2024,48.6771,16.1787
2031,48.5693,16.1941
2032,48.5741,16.2575
2033,48.6264,16.2305
2034,48.6737,16.2366
2041,48.6284,16.1088
2042,48.6479,16.0322
2051,48.6868,15.9535
2052,48.692,16.0225
2053,48.7098,16.0476
2054,48.7183,16.0823
2061,48.709,16.1349
2062,48.7237,16.1913
2063,48.7149,16.2507
2064,48.711,16.3009
2070,48.7556,15.9509
2073,48.7422,15.8922
2074,48.7549,16.0284
2081,48.8007,15.915
2082,48.8471,15.856
2083,48.8092,15.8494
2084,48.7815,15.7917
2091,48.8215,15.7266
2092,48.8493,15.7932
2093,48.8016,15.6779
2094,48.8281,15.6095
2095,48.8674,15.6094
2100,48.363,16.32
2102,48.3365,16.381
2103,48.3047,16.3647
2104,48.3753,16.2685
2105,48.399,16.2908
2111,48.4016,16.3725
2112,48.4354,16.4141
2113,48.4756,16.366
2114,48.4778,16.4154
2115,48.5324,16.3506
2116,48.5655,16.3875
2120,48.382,16.5204
2122,48.3979,16.4703
2123,48.438,16.4962
2124,48.487,16.4674
2125,48.4843,16.5125
2126,48.5311,16.4716
2130,48.5791,16.5709
2132,48.6283,16.5242
2133,48.6591,16.4256
2134,48.6766,16.4873
2135,48.7231,16.504
2136,48.7233,16.3975
2141,48.6667,16.5463
2143,48.65,16.7324
2144,48.653,16.7871
2145,48.6365,16.8519
2151,48.594,16.4658
2152,48.6056,16.3866
2153,48.6377,16.3042
2154,48.6661,16.3658
2161,48.7148,16.6362
2162,48.7148,16.5864
2163,48.7748,16.5594
2164,48.7671,16.4852
2165,48.7494,16.6357
2170,48.662,16.6363
2171,48.6993,16.6974
2172,48.7143,16.7158
2181,48.5994,16.8387
2182,48.5853,16.817
2183,48.6038,16.7804
2184,48.6126,16.7481
2185,48.5999,16.7169
2191,48.4988,16.5833
2192,48.5495,16.6557
2193,48.5987,16.6568
2201,48.3138,16.4758
2202,48.3614,16.4239
2203,48.371,16.4633
2211,48.3534,16.5382
2212,48.3539,16.5771
2213,48.3507,16.6267
2214,48.3692,16.6404
2215,48.4014,16.6653
2221,48.4094,16.6144
2222,48.4448,16.5952
2223,48.4556,16.66
2224,48.4942,16.6794
2225,48.53,16.7576
2230,48.3292,16.7132
2231,48.3168,16.6469
2232,48.3,16.5565
2241,48.3572,16.6893
2242,48.3934,16.7462
2243,48.4026,16.7022
2244,48.455,16.7313
2245,48.4746,16.7861
2251,48.4318,16.7801
2252,48.3949,16.7919
2253,48.3369,16.7798
2261,48.3858,16.8295
2262,48.4194,16.8324
2263,48.4881,16.8267
2264,48.5018,16.8713
2265,48.5421,16.8954
2272,48.5747,16.8859
2273,48.6169,16.8986
2274,48.6518,16.8916
2275,48.6938,16.883
2276,48.6906,16.81
2281,48.2428,16.5714
2282,48.2685,16.6436
2283,48.2734,16.7039
2284,48.2606,16.7554
2285,48.2119,16.7051
2286,48.201,16.7747
2291,48.2378,16.8172
2292,48.1738,16.8749
2293,48.2762,16.8925
2294,48.2201,16.924
2295,48.3166,16.8444
2301,48.1856,16.6131
2304,48.1505,16.7057
2305,48.1551,16.8164
2320,48.1098,16.5226
2322,48.1079,16.4708
2325,48.0543,16.447
2326,48.1069,16.4294
2331,48.1195,16.3394
2332,48.1125,16.3682
2333,48.1099,16.3996
2334,48.1133,16.3167
2340,48.0784,16.2772
2344,48.093,16.2725
2345,48.1116,16.2871
2351,48.0859,16.32
2352,48.0439,16.2775
2353,48.0475,16.3204
2361,48.0574,16.3557
2362,48.0869,16.346
2371,48.0855,16.2428
2372,48.0935,16.2273
2380,48.1167,16.2559
2381,48.1581,16.1698
2384,48.1362,16.1715
2391,48.1076,16.1857
2392,48.0951,16.0986
2393,48.0785,16.1761
2401,48.1168,16.6221
2402,48.1033,16.6899
2403,48.0994,16.7863
2404,48.109,16.8574
2405,48.1159,16.9344
2410,48.1487,16.9482
2412,48.1336,17.0182
2413,48.1033,17.0092
2421,48.0876,17.0577
2422,48.0466,17.0397
2423,48.0008,17.1108
2424,47.9751,16.9925
2425,47.9334,17.0456
2431,48.0796,16.6311
2432,48.0744,16.5666
2433,48.0494,16.5895
2434,48.0151,16.5621
2435,48.0477,16.5274
2440,48.0132,16.4461
2441,47.9924,16.4802
2442,47.9727,16.4464
2443,47.9187,16.4961
2444,47.9608,16.5109
2451,47.9304,16.5799
2452,47.9697,16.5964
2453,47.9847,16.6516
2454,48.0274,16.6526
2460,48.0203,16.7986
2462,48.0014,16.7267
2463,48.054,16.6594
2464,48.0607,16.7296
2465,48.07,16.7903
2471,48.0599,16.8382
2472,48.075,16.9709
2473,48.0428,16.9487
2474,48.0056,16.9781
2475,48.0085,16.9253
2481,48.0764,16.3846
2482,48.0321,16.388
2483,47.9582,16.3928
2485,47.918,16.4296
2486,47.9094,16.3572
2490,47.8885,16.3169
2491,47.8557,16.3858
2492,47.8535,16.3253
2493,47.817,16.316
2500,48.0057,16.1975
2504,47.9862,16.1974
2511,48.023,16.2463
2512,47.9944,16.2752
2514,48.0155,16.313
2521,47.9919,16.3605
2522,47.9693,16.3326
2523,47.9491,16.3291
2524,47.9449,16.2936
2525,47.9349,16.2664
2531,48.0502,16.2085
2532,48.0535,16.1319
2533,48.109,15.9896
2534,48.0492,16.0586
2540,47.9748,16.1766
2542,47.9545,16.2408
2544,47.9218,16.2253
2551,47.9091,16.1697
2552,47.9339,16.1708
2560,47.922,16.078
2563,47.9528,16.0591
2564,47.9642,15.947
2565,48.0036,16.0838
2571,48.0296,15.9872
2572,48.0407,15.8861
2601,47.8851,16.2647
2602,47.9221,16.3027
2603,47.8829,16.2402
2604,47.8606,16.2471
2620,47.7114,16.1043
2624,47.7536,16.1369
2625,47.7342,16.1765
2630,47.7135,16.0082
2631,47.7417,15.9551
2632,47.6766,16.0105
2640,47.6712,15.9425
2641,47.6495,15.8653
2642,47.6285,15.8604
2650,47.6891,15.8708
2651,47.7065,15.7911
2654,47.6941,15.6962
2661,47.7491,15.6859
2662,47.8166,15.7134
2663,47.8845,15.7211
2671,47.6766,15.8781
2673,47.6519,15.7816
2680,47.6376,15.8062
2700,47.7985,16.2299
2721,47.8309,16.162
2722,47.7998,16.1587
2723,47.8366,16.1095
2724,47.8276,16.052
2731,47.7836,16.1084
2732,47.7863,16.0416
2733,47.7882,15.9867
2734,47.7787,15.8795
2751,47.8816,16.1908
2752,47.8583,16.1734
2753,47.8644,16.1132
2754,47.8698,16.0455
2755,47.8836,16.033
2761,47.8492,15.9574
2763,47.9074,15.9396
2770,47.8533,15.8517
2801,47.7666,16.2761
2802,47.6712,16.2925
2803,47.6427,16.3449
2811,47.6072,16.2969
2812,47.5788,16.2651
2813,47.591,16.2069
2821,47.7323,16.2667
2822,47.7162,16.2284
2823,47.7066,16.1954
2824,47.6958,16.1509
2831,47.6549,16.1085
2832,47.6621,16.1746
2833,47.6596,16.2266
2840,47.6238,16.1101
2842,47.5829,16.1547
2851,47.5137,16.1951
2852,47.4484,16.195
2853,47.4864,16.2469
2860,47.5034,16.296
2870,47.5553,16.0266
2871,47.5039,16.1394
2872,47.5051,16.0227
2873,47.5993,16.057
2880,47.5992,15.9739
2881,47.5924,15.8805
3001,48.2544,16.1642
3002,48.1956,16.1791
3003,48.235,16.1275
3004,48.2597,16.0779
3011,48.2088,16.111
3012,48.1525,16.1163
3013,48.1798,16.1064
3021,48.1726,16.0676
3031,48.1869,16.0221
3032,48.1707,15.9852
3033,48.145,15.9616
3034,48.1947,15.9543
3040,48.2084,15.897
3041,48.2323,15.9308
3042,48.2524,15.8531
3051,48.164,15.8504
3052,48.1362,15.8844
3053,48.1004,15.8886
3061,48.1996,15.8554
3062,48.1951,15.8206
3071,48.1807,15.7583
3072,48.156,15.7916
3073,48.1181,15.7997
3074,48.1042,15.7625
3100,48.1848,15.6121
3104,48.1691,15.6528
3105,48.2466,15.6762
3107,48.233,15.6354
3110,48.2341,15.5483
3121,48.2602,15.5374
3122,48.3031,15.4852
3123,48.2704,15.6254
3124,48.3193,15.5705
3125,48.3065,15.636
3130,48.2935,15.7023
3131,48.3168,15.6846
3133,48.3502,15.7687
3134,48.348,15.6992
3140,48.2383,15.7158
3141,48.2526,15.7659
3142,48.2572,15.8035
3143,48.1568,15.7039
3144,48.1161,15.7014
3150,48.0966,15.6183
3151,48.1385,15.6099
3153,48.0407,15.5548
3160,48.0493,15.6111
3161,48.0275,15.6642
3162,48.041,15.714
3163,48.0615,15.7526
3170,48.0447,15.7967
3171,47.9581,15.7273
3172,47.9778,15.826
3180,47.9871,15.528
3183,47.9571,15.5732
3184,47.9123,15.4782
3192,47.914,15.6118
3193,47.8458,15.5512
3195,47.8102,15.4847
3200,48.1504,15.5541
3202,48.0846,15.4978
3203,48.0472,15.4748
3204,48.0074,15.4666
3205,48.1143,15.5231
3211,47.9837,15.4064
3212,47.9296,15.3726
3213,47.9807,15.3257
3214,47.9151,15.2817
3221,47.8884,15.2743
3222,47.8599,15.3857
3223,47.8721,15.298
3224,47.8314,15.2596
3231,48.1563,15.4928
3232,48.1246,15.4653
3233,48.0833,15.3963
3240,48.1177,15.3454
3241,48.0719,15.3155
3242,48.0305,15.3102
3243,48.1335,15.3023
3244,48.1242,15.2409
3250,48.1165,15.1169
3251,48.0516,15.1335
3252,48.1441,15.1566
3253,48.1812,15.1842
3254,48.1517,15.1889
3261,48.073,15.0487
3262,48.0449,15.0048
3263,48.008,14.9515
3264,47.9724,15.0376
3270,47.9968,15.1607
3281,48.0737,15.235
3282,48.021,15.2245
3283,47.9535,15.2113
3291,47.9447,15.1231
3292,47.9254,15.0967
3293,47.852,15.0235
3294,47.8127,15.1579
3295,47.8924,15.1604
3300,48.1125,14.8667
3304,48.1309,14.9491
3311,48.1352,14.7904
3312,48.1278,14.7529
3313,48.1457,14.7193
3314,48.1521,14.6485
3321,48.174,14.8334
3322,48.1473,14.8948
3323,48.1958,14.9279
3324,48.0712,14.9426
3325,48.0936,14.9813
3331,48.0347,14.7606
3332,48.005,14.7391
3333,47.9897,14.7422
3334,47.8936,14.7249
3335,47.8527,14.6424
3340,47.951,14.7416
3341,47.9231,14.9163
3342,47.8763,14.8119
3343,47.7988,14.8009
3344,47.8417,14.8931
3345,47.7776,14.9552
3350,48.11,14.581
3351,48.0455,14.5685
3352,48.0326,14.6067
3353,48.0141,14.6705
3354,48.0844,14.6625
3355,47.9701,14.6319
3361,48.08,14.7379
3362,48.0856,14.7954
3363,48.0731,14.8188
3364,48.0499,14.8523
3365,48.032,14.8062
3370,48.1723,15.0681
3371,48.1272,15.0527
3372,48.141,14.9897
3373,48.1498,15.0868
3374,48.1864,15.1278
3375,48.2009,15.1523
3376,48.1657,15.0217
3380,48.201,15.2234
3381,48.196,15.174
3382,48.2017,15.3911
3383,48.1604,15.4051
3384,48.1905,15.4606
3385,48.1934,15.5253
3386,48.229,15.4761
3390,48.211,15.3214
3392,48.2566,15.4004
3393,48.1831,15.2558
3400,48.289,16.2811
3413,48.29,16.2031
3420,48.3353,16.2961
3421,48.3477,16.2749
3422,48.3409,16.2365
3423,48.3375,16.2023
3424,48.3246,16.1756
3425,48.3356,16.0981
3426,48.3322,16.1505
3430,48.3271,16.0573
3433,48.2974,16.1547
3434,48.2793,16.1114
3435,48.3439,15.9081
3441,48.2742,15.9865
3442,48.317,16.0004
3443,48.2358,16.02
3451,48.2874,15.9436
3452,48.297,15.8792
3454,48.331,15.8347
3462,48.3862,15.9503
3463,48.4035,16.0231
3464,48.3922,16.0964
3465,48.4214,15.9279
3470,48.4473,15.8946
3471,48.4785,15.8639
3472,48.5048,15.8281
3473,48.5135,15.7791
3474,48.3894,15.8722
3481,48.4471,15.8287
3482,48.4749,15.8122
3483,48.4503,15.7874
3484,48.403,15.7882
3485,48.4154,15.7304
3491,48.5008,15.7436
3492,48.4572,15.7495
3493,48.4636,15.7193
3494,48.4128,15.6906
3495,48.4279,15.6579
3500,48.4165,15.5836
3506,48.3846,15.6937
3508,48.3508,15.61
3511,48.3805,15.6118
3512,48.3679,15.553
3521,48.4612,15.4351
3522,48.502,15.3802
3524,48.4934,15.3037
3525,48.4631,15.2184
3531,48.5491,15.2881
3532,48.5723,15.3685
3533,48.5842,15.2718
3541,48.4564,15.5294
3542,48.5265,15.4834
3543,48.5859,15.4414
3544,48.5865,15.4849
3550,48.4766,15.6627
3552,48.473,15.5799
3553,48.5285,15.61
3561,48.4918,15.6939
3562,48.5363,15.6704
3564,48.561,15.6991
3571,48.5851,15.6644
3572,48.5919,15.55
3573,48.6226,15.6109
3580,48.6639,15.663
3591,48.6448,15.5755
3592,48.6614,15.5008
3593,48.6396,15.4654
3594,48.6177,15.3672
3595,48.7005,15.4846
3601,48.4067,15.524
3602,48.3819,15.4951
3610,48.4051,15.4502
3611,48.41,15.4014
3613,48.4523,15.3613
3620,48.3583,15.3822
3621,48.3522,15.4387
3622,48.3824,15.3308
3623,48.42,15.2986
3631,48.4044,15.2151
3632,48.4411,15.1135
3633,48.4356,15.014
3641,48.3017,15.3885
3642,48.2849,15.4206
3643,48.303,15.3384
3644,48.2521,15.3263
3650,48.3181,15.1921
3652,48.242,15.2601
3653,48.2958,15.257
3654,48.349,15.2778
3660,48.2229,15.2219
3661,48.2576,15.2019
3662,48.2775,15.1181
3663,48.3279,15.1136
3664,48.3802,15.1625
3665,48.3822,15.033
3671,48.2265,15.1232
3672,48.2343,15.1645
3680,48.1996,15.1085
3681,48.2238,15.0675
3683,48.3104,15.0544
3684,48.264,15.0229
3691,48.2282,14.9887
3701,48.4762,15.9739
3702,48.4614,16.0554
3704,48.5017,15.9459
3710,48.5335,15.9558
3711,48.5224,15.8743
3712,48.5609,15.8083
3713,48.5914,15.7647
3714,48.6256,15.9437
3720,48.5467,15.8451
3721,48.5842,15.8702
3722,48.613,15.8666
3730,48.6386,15.8348
3741,48.7126,15.8548
3742,48.732,15.7908
3743,48.667,15.9002
3744,48.6544,15.7463
3751,48.691,15.7523
3752,48.7322,15.7217
3753,48.7585,15.6528
3754,48.7546,15.5477
3761,48.7182,15.5338
3762,48.7561,15.4697
3763,48.7966,15.5594
3800,48.7232,15.3849
3804,48.6879,15.3318
3811,48.7528,15.3861
3812,48.8001,15.4141
3813,48.7982,15.3642
3814,48.8107,15.4878
3820,48.8496,15.4784
3822,48.8872,15.4056
3823,48.9233,15.4593
3824,48.8945,15.5319
3830,48.8148,15.2808
3834,48.8394,15.195
3841,48.7677,15.2919
3842,48.8654,15.2868
3843,48.9142,15.3151
3844,48.954,15.3544
3851,48.9348,15.2222
3852,48.8948,15.2253
3860,48.8568,15.1259
3861,48.9098,15.1496
3862,48.9198,15.1014
3863,48.9654,15.149
3871,48.8489,15.0034
3872,48.8411,15.0631
3873,48.8728,15.0283
3874,48.9526,15.0466
3900,48.7379,15.2718
3902,48.773,15.1768
3903,48.7111,15.2113
3910,48.6172,15.173
3911,48.5233,15.0777
3912,48.4928,15.1533
3913,48.5246,15.1916
3914,48.5219,15.2577
3920,48.5677,14.9913
3921,48.5714,14.8539
3922,48.6454,14.9388
3923,48.6409,15.0218
3924,48.6011,15.0525
3925,48.4753,14.9237
3931,48.6553,15.0665
3932,48.7208,15.1006
3942,48.7471,15.1181
3943,48.8022,15.0783
3944,48.7754,15.1078
3945,48.7632,15.0479
3950,48.7738,14.9954
3961,48.728,15.0156
3962,48.7563,14.857
3970,48.6934,14.9151
3971,48.6684,14.8325
3972,48.6187,14.82
3973,48.5951,14.7528
4020,48.2876,14.3031
4030,48.2474,14.3351
4040,48.3448,14.2864
4048,48.3265,14.2277
4050,48.2241,14.2385
4052,48.2077,14.2922
4053,48.1956,14.2518
4055,48.1831,14.2031
4060,48.2727,14.2416
4061,48.2521,14.204
4062,48.2602,14.1419
4063,48.2171,14.1762
4064,48.2363,14.125
4070,48.3062,14.0062
4072,48.2837,14.1013
4073,48.3,14.1887
4074,48.3492,13.9329
4075,48.2645,13.9954
4076,48.2664,13.927
4081,48.3736,13.9732
4082,48.3876,14.0169
4083,48.4149,13.9038
4084,48.3875,13.8736
4085,48.4452,13.808
4090,48.4967,13.6927
4091,48.5251,13.6573
4092,48.537,13.5943
4100,48.3358,14.1911
4101,48.3562,14.0705
4102,48.3232,14.11
4111,48.3503,14.15
4112,48.3846,14.1174
4113,48.4148,14.0391
4114,48.4301,13.9939
4115,48.4548,13.9971
4116,48.4793,14.059
4120,48.4937,14.0217
4121,48.4933,13.957
4122,48.5256,14.0019
4131,48.4338,13.9501
4132,48.4972,13.9114
4133,48.467,13.8881
4134,48.5167,13.8657
4141,48.5117,13.8249
4142,48.4914,13.7981
4143,48.5096,13.7527
4144,48.5518,13.7928
4150,48.577,13.9929
4151,48.5933,13.9424
4152,48.5546,13.8863
4153,48.6169,13.8928
4154,48.5919,13.8374
4155,48.6371,13.8378
4160,48.6632,13.9958
4161,48.689,13.9414
4162,48.6677,13.8445
4163,48.7279,13.8904
4164,48.7358,13.8525
4170,48.5881,14.0782
4171,48.5209,14.0807
4172,48.4971,14.1307
4173,48.4721,14.1567
4174,48.4474,14.081
4175,48.4185,14.1127
4180,48.4668,14.2735
4181,48.4574,14.2197
4182,48.4799,14.1909
4183,48.511,14.2159
4184,48.5539,14.1492
4190,48.5316,14.2885
4191,48.5579,14.2328
4192,48.514,14.3594
4193,48.5485,14.3775
4201,48.3968,14.1999
4202,48.4289,14.3
4203,48.3758,14.3373
4204,48.454,14.3678
4209,48.3297,14.4082
4210,48.3692,14.4341
4211,48.4051,14.4041
4212,48.4374,14.4597
4221,48.2895,14.3743
4222,48.2731,14.4605
4223,48.3077,14.497
4224,48.3429,14.492
4225,48.2756,14.4217
4230,48.3593,14.5573
4232,48.3821,14.5136
4240,48.5115,14.4835
4242,48.485,14.4182
4251,48.5625,14.6639
4252,48.5244,14.8164
4261,48.5652,14.4498
4262,48.6201,14.4734
4263,48.5848,14.5627
4264,48.5479,14.5227
4271,48.5031,14.6124
4272,48.4992,14.7061
4273,48.4482,14.7879
4274,48.3932,14.7361
4280,48.4165,14.8602
4281,48.3594,14.8075
4282,48.3611,14.7544
4283,48.3591,14.6765
4284,48.3478,14.6122
4291,48.4731,14.551
4292,48.4317,14.5376
4293,48.4287,14.6029
4294,48.4506,14.6853
4300,48.1685,14.5409
4303,48.2039,14.5684
4310,48.2457,14.5344
4311,48.2761,14.5864
4312,48.2886,14.5232
4320,48.2693,14.6229
4322,48.2868,14.6819
4323,48.2693,14.7283
4324,48.3121,14.7012
4331,48.2101,14.6359
4332,48.2321,14.5817
4341,48.2303,14.7147
4342,48.2081,14.7488
4343,48.1895,14.7007
4351,48.2031,14.7953
4352,48.2361,14.7874
4360,48.2316,14.8474
4362,48.2716,14.8199
4363,48.3212,14.8244
4364,48.305,14.7566
4371,48.303,14.9
4372,48.3754,14.9087
4381,48.2454,14.9069
4382,48.2211,14.951
4391,48.2819,14.9569
4392,48.3381,14.9831
4400,48.0312,14.3784
4407,48.0945,14.4294
4421,47.997,14.3212
4431,48.0628,14.5195
4432,48.1323,14.4987
4441,48.043,14.4842
4442,47.9971,14.4898
4443,47.9334,14.6125
4451,47.9921,14.4093
4452,47.9569,14.3508
4453,47.9067,14.3522
4460,47.9261,14.44
4461,47.9402,14.4883
4462,47.8415,14.4447
4463,47.8643,14.5321
4464,47.7921,14.6224
4470,48.2089,14.4554
4481,48.2339,14.4078
4482,48.211,14.4992
4483,48.1522,14.4237
4484,48.141,14.4603
4490,48.2011,14.378
4491,48.1591,14.3303
4492,48.1475,14.3817
4493,48.0969,14.359
4501,48.1458,14.2279
4502,48.1424,14.2964
4511,48.1548,14.1769
4521,48.0843,14.282
4522,48.0492,14.2831
4523,48.0414,14.3363
4531,48.1128,14.1802
4532,48.0679,14.2021
4533,48.1054,14.2243
4540,48.0273,14.1906
4541,48.0007,14.2082
4542,47.9683,14.1643
4550,48.0577,14.1235
4551,48.021,14.0749
4552,47.9908,14.0918
4553,47.9386,14.124
4554,47.9265,14.1617
4560,47.9015,14.1203
4562,47.89,14.0365
4563,47.8771,14.1366
4564,47.8317,14.1423
4565,47.9201,14.0731
4571,47.7863,14.0825
4572,47.765,14.1995
4573,47.6824,14.1203
4574,47.6999,14.2255
4575,47.7215,14.2814
4580,47.7509,14.4254
4581,47.6881,14.4605
4582,47.6616,14.3485
4591,47.852,14.2939
4592,47.8966,14.2153
4593,47.9405,14.2198
4594,47.966,14.2343
4595,48.0076,14.2668
4596,47.9574,14.2805
4600,48.1608,14.0349
4611,48.2206,14.0275
4612,48.2581,14.0231
4613,48.2356,14.0643
4614,48.1949,14.1105
4615,48.2297,14.0907
4616,48.1551,14.1208
4621,48.1058,14.1008
4622,48.1303,14.1449
4623,48.1496,13.9279
4624,48.1301,13.8571
4625,48.1514,13.8438
4631,48.2013,13.9616
4632,48.1913,13.8942
4633,48.1794,13.8537
4641,48.1141,14.0135
4642,48.074,14.0569
4643,47.964,14.0296
4644,47.903,13.9497
4645,47.7915,13.9465
4650,48.1027,13.8932
4651,48.0687,13.851
4652,48.0709,13.9698
4653,48.0295,13.9913
4654,48.0491,13.8838
4655,47.9863,13.9249
4656,47.9573,13.9056
4661,48.0281,13.8439
4662,47.9983,13.8044
4663,47.9838,13.8447
4664,47.957,13.8351
4671,48.1017,13.8199
4672,48.1356,13.7961
4673,48.1427,13.7367
4674,48.1437,13.6802
4675,48.1798,13.6861
4676,48.1846,13.7487
4680,48.1784,13.6308
4681,48.2139,13.6718
4682,48.1511,13.6391
4690,48.0527,13.7554
4691,48.0816,13.7871
4692,48.0998,13.7562
4693,48.0107,13.7714
4694,47.9702,13.7766
4701,48.235,13.9115
4702,48.2297,13.9618
4707,48.2277,13.8767
4710,48.2341,13.8083
4712,48.288,13.8197
4713,48.2029,13.8138
4714,48.1739,13.7952
4715,48.2542,13.7412
4716,48.2178,13.7341
4720,48.2857,13.7233
4721,48.3208,13.6894
4722,48.3323,13.7614
4723,48.4091,13.7203
4724,48.403,13.7923
4725,48.4711,13.7301
4730,48.3333,13.8481
4731,48.3132,13.9145
4732,48.286,13.8802
4733,48.3635,13.8204
4741,48.2433,13.6592
4742,48.2276,13.6145
4743,48.2347,13.5454
4751,48.2691,13.6325
4752,48.2951,13.6446
4753,48.2758,13.583
4754,48.2664,13.5182
4755,48.3186,13.6115
4760,48.3536,13.6469
4761,48.3937,13.6557
4762,48.3627,13.6969
4770,48.361,13.5703
4771,48.3926,13.6026
4772,48.3146,13.519
4773,48.3563,13.4848
4774,48.3772,13.4535
4775,48.4113,13.5315
4776,48.4142,13.5946
4777,48.3416,13.512
4780,48.4603,13.4363
4782,48.426,13.4674
4783,48.5033,13.4691
4784,48.5221,13.5092
4785,48.5645,13.5214
4786,48.4797,13.496
4791,48.4591,13.5182
4792,48.476,13.5745
4793,48.4781,13.6216
4794,48.4444,13.6609
4800,48.0188,13.7135
4801,47.8484,13.7536
4802,47.7809,13.7877
4810,47.8814,13.8228
4812,47.9477,13.7491
4813,47.8903,13.7605
4814,47.8753,13.7023
4816,47.9384,13.8465
4817,47.9031,13.8831
4820,47.7345,13.6333
4821,47.6808,13.6187
4822,47.6268,13.6196
4823,47.5833,13.6529
4824,47.5833,13.5738
4825,47.5189,13.5301
4830,47.5289,13.5961
4831,47.5214,13.7008
4840,48.0193,13.6536
4841,48.0443,13.6143
4842,48.0793,13.5894
4843,48.0932,13.558
4844,47.9819,13.6719
4845,47.9629,13.7184
4846,48.0322,13.7496
4849,48.0467,13.5778
4850,48.0081,13.6102
4851,47.9959,13.5522
4852,47.8865,13.6026
4853,47.8105,13.5781
4854,47.7909,13.5147
4860,47.9737,13.6201
4861,47.942,13.6403
4863,47.9546,13.5665
4864,47.9073,13.5247
4865,47.8644,13.5099
4866,47.8071,13.4736
4870,47.9938,13.4885
4871,48.0355,13.4959
4872,48.0454,13.5431
4873,48.0793,13.4672
4880,47.9415,13.4866
4881,47.9087,13.4458
4882,47.8589,13.4291
4890,47.9681,13.4062
4891,48.0201,13.3533
4892,48.0305,13.4257
4893,47.9137,13.3478
4894,47.9336,13.319
4901,48.0991,13.6313
4902,48.1089,13.6894
4903,48.0708,13.6614
4904,48.0822,13.7174
4906,48.1482,13.5611
4910,48.1616,13.4933
4911,48.2277,13.5048
4912,48.1839,13.4729
4920,48.138,13.4675
4921,48.2003,13.5363
4922,48.203,13.591
4923,48.1159,13.3592
4924,48.101,13.4083
4925,48.1287,13.5045
4926,48.1854,13.575
4931,48.1411,13.3485
4932,48.2046,13.3645
4933,48.2009,13.3164
4941,48.2044,13.4313
4942,48.2373,13.3587
4943,48.257,13.2954
4950,48.2434,13.2425
4951,48.2319,13.2871
4952,48.2434,13.1714
4961,48.2786,13.2284
4962,48.2737,13.1678
4963,48.2545,13.103
4970,48.2349,13.4205
4971,48.2472,13.4695
4972,48.2813,13.4744
4973,48.2772,13.4248
4974,48.3213,13.4412
4975,48.4104,13.4456
4980,48.3483,13.4087
4981,48.3301,13.3657
4982,48.3053,13.3705
4983,48.2911,13.3333
4984,48.2736,13.3761
5020,47.802,13.0476
5023,47.8213,13.0976
5026,47.7863,13.1071
5061,47.761,13.1154
5071,47.7876,12.9716
5081,47.743,13.0678
5082,47.7343,13.0064
5083,47.7157,13.0461
5084,47.7349,12.9432
5090,47.5847,12.72
5091,47.6356,12.6775
5092,47.5283,12.6956
5093,47.5179,12.8081
5101,47.8547,13.0296
5102,47.8934,13.0102
5110,47.9494,12.9362
5111,47.9852,12.9181
5112,48.0002,12.9721
5113,47.9933,12.8725
5114,47.9553,12.9664
5120,48.0248,12.8806
5121,48.0818,12.8103
5122,48.155,12.8694
5131,48.0566,12.8986
5132,48.0901,12.9136
5133,48.1411,12.9315
5134,48.1792,12.9633
5141,48.0424,12.9729
5142,48.0818,12.9867
5143,48.0706,13.0442
5144,48.1357,13.0073
5145,48.1798,13.038
5151,47.9634,13.0065
5152,48.0148,13.0163
5161,47.8718,13.0605
5162,47.9345,13.0537
5163,47.9823,13.1126
5164,47.9671,13.0593
5165,47.9889,13.0668
5166,48.0165,13.0716
5201,47.9038,13.1036
5202,47.9237,13.2331
5203,47.9443,13.1726
5204,47.975,13.2976
5205,47.954,13.1523
5211,48.0188,13.2318
5212,48.0407,13.2804
5221,48.0047,13.1694
5222,48.06,13.2111
5223,48.076,13.1386
5224,48.0728,13.097
5225,48.0509,13.1485
5230,48.1019,13.1481
5231,48.1131,13.1792
5232,48.0448,13.0989
5233,48.1183,13.0718
5241,48.1415,13.2188
5242,48.1014,13.2841
5251,48.1596,13.2643
5252,48.1664,13.313
5261,48.1564,13.1296
5270,48.1955,13.1303
5271,48.195,13.1623
5272,48.1881,13.194
5273,48.2053,13.2625
5274,48.1991,13.0791
5280,48.2386,13.0514
5282,48.2246,13.0092
5300,47.847,13.0854
5301,47.8547,13.1532
5302,47.8936,13.2054
5303,47.849,13.2409
5310,47.8444,13.3446
5311,47.83,13.4161
5321,47.8086,13.1419
5322,47.8116,13.2103
5323,47.7784,13.1759
5324,47.7356,13.2764
5325,47.8338,13.1709
5330,47.7905,13.2974
5340,47.7721,13.3831
5342,47.7154,13.3767
5350,47.6781,13.4281
5351,47.7,13.557
5360,47.7496,13.4799
5400,47.6874,13.0996
5411,47.7239,13.1317
5412,47.7313,13.1082
5421,47.7194,13.1513
5422,47.6594,13.0947
5423,47.6533,13.2365
5424,47.6707,13.1728
5425,47.7177,13.205
5431,47.6217,13.1363
5440,47.5665,13.1725
5441,47.5941,13.3461
5442,47.5896,13.4719
5450,47.4773,13.169
5451,47.513,13.122
5452,47.4822,13.2192
5453,47.4869,13.271
5500,47.4084,13.2169
5505,47.3889,13.1026
5511,47.4255,13.3039
5521,47.4269,13.3365
5522,47.4602,13.3796
5523,47.4937,13.3597
5524,47.5248,13.4486
5531,47.4279,13.3975
5532,47.4504,13.5136
5541,47.3384,13.4401
5542,47.302,13.3838
5550,47.3737,13.4901
5552,47.3307,13.5697
5561,47.3124,13.5058
5562,47.251,13.5216
5563,47.1861,13.5807
5570,47.1322,13.6654
5571,47.1862,13.73
5572,47.1491,13.7843
5573,47.222,13.642
5574,47.2183,13.7517
5575,47.2277,13.8152
5580,47.1506,13.8864
5581,47.0699,13.684
5582,47.1153,13.6092
5583,47.1075,13.4418
5584,47.1656,13.4457
5585,47.103,13.736
5591,47.0245,13.823
5592,47.0152,13.7342
5600,47.3456,13.2044
5602,47.3343,13.3105
5603,47.231,13.3303
5611,47.2268,13.2229
5612,47.1453,13.257
5620,47.3203,13.1449
5621,47.3155,13.1684
5622,47.3281,13.0777
5630,47.1597,13.0942
5632,47.2403,13.0981
5640,47.1145,13.1741
5645,47.0698,13.1328
5651,47.2758,13.0137
5652,47.3746,13.0079
5660,47.2739,12.9343
5661,47.1521,12.9426
5662,47.2899,12.8801
5671,47.2873,12.8238
5672,47.18,12.8272
5700,47.3235,12.8132
5710,47.2037,12.7136
5721,47.2811,12.7108
5722,47.2643,12.6451
5723,47.2138,12.584
5724,47.2957,12.5219
5730,47.2262,12.4926
5731,47.2261,12.4071
5732,47.2831,12.3832
5733,47.2264,12.3362
5741,47.2025,12.2598
5742,47.2671,12.1508
5743,47.1572,12.1561
5751,47.3644,12.8071
5752,47.3601,12.7246
5753,47.3748,12.6587
5754,47.361,12.5519
5760,47.4387,12.8484
5761,47.411,12.9574
5771,47.4351,12.7162
6020,47.279,11.3735
6060,47.2815,11.5052
6063,47.294,11.4428
6065,47.3069,11.4638
6067,47.3264,11.497
6068,47.2947,11.536
6069,47.3326,11.5833
6070,47.2652,11.4804
6071,47.2357,11.4848
6072,47.2289,11.4318
6073,47.2289,11.4679
6074,47.2398,11.5057
6075,47.2272,11.5352
6080,47.2317,11.4081
6082,47.2009,11.4177
6083,47.1872,11.4812
6091,47.2197,11.3207
6092,47.2227,11.3022
6094,47.208,11.2817
6095,47.1905,11.2621
6100,47.3379,11.1936
6103,47.3105,11.215
6105,47.3827,11.1394
6108,47.3882,11.3648
6111,47.2324,11.5717
6112,47.2723,11.5928
6113,47.2138,11.6237
6114,47.3,11.6253
6115,47.2474,11.6722
6116,47.3073,11.6535
6121,47.3011,11.565
6122,47.3104,11.5971
6123,47.3285,11.6379
6130,47.3421,11.7272
6133,47.2591,11.7183
6134,47.3638,11.6041
6135,47.3785,11.7033
6136,47.3,11.7505
6141,47.1783,11.4083
6142,47.1537,11.3924
6143,47.1393,11.4518
6145,47.1378,11.5559
6150,47.0209,11.3047
6152,47.0622,11.3927
6154,47.0727,11.5756
6156,47.025,11.4845
6157,47.006,11.3947
6161,47.2304,11.3547
6162,47.2088,11.3564
6165,47.168,11.329
6166,47.134,11.3519
6167,47.0536,11.2166
6170,47.3093,11.2932
6173,47.2372,11.2107
6175,47.2545,11.2867
6176,47.2524,11.3246
6178,47.2557,11.2592
6179,47.2517,11.203
6181,47.1674,11.1961
6182,47.1859,11.1523
6183,47.2033,11.0013
6184,47.1448,11.1144
6200,47.3938,11.7674
6210,47.4126,11.7913
6212,47.4343,11.7458
6213,47.4229,11.6621
6215,47.4853,11.6148
6220,47.3745,11.779
6222,47.352,11.7711
6230,47.4266,11.9092
6232,47.4362,11.8134
6233,47.4551,11.8724
6234,47.5379,11.8825
6235,47.3952,11.8897
6236,47.369,11.9652
6240,47.439,11.8927
6241,47.4465,11.9301
6250,47.46,11.9962
6252,47.5018,11.9873
6260,47.3855,11.861
6261,47.3951,11.8247
6262,47.3803,11.8351
6263,47.3468,11.8528
6264,47.2954,11.7963
6265,47.3455,11.8933
6271,47.3142,11.8525
6272,47.277,11.8479
6273,47.2828,11.8158
6274,47.2593,11.8835
6275,47.2969,11.8824
6276,47.2883,11.9523
6277,47.24,11.8576
6278,47.2029,11.9409
6280,47.233,11.9311
6281,47.2081,12.0308
6283,47.2101,11.8101
6284,47.1976,11.8903
6290,47.1118,11.9841
6292,47.1527,11.8027
6293,47.1503,11.7105
6294,47.097,11.6805
6295,47.0535,11.7781
6300,47.4803,12.0787
6305,47.4731,12.164
6306,47.5103,12.2003
6311,47.4293,12.0167
6313,47.3722,12.0436
6314,47.4516,12.0915
6320,47.5192,12.0216
6321,47.5069,12.0634
6322,47.5141,12.0913
6323,47.5085,12.1233
6324,47.5332,12.0521
6330,47.5848,12.1964
6334,47.5361,12.1518
6335,47.5826,12.0293
6336,47.5507,12.0789
6341,47.6116,12.2429
6342,47.6523,12.2131
6343,47.7026,12.2147
6344,47.6393,12.3003
6345,47.6465,12.3637
6346,47.6685,12.2262
6347,47.6668,12.2705
6351,47.5337,12.2412
6352,47.5185,12.2885
6353,47.5299,12.3436
6361,47.3704,12.128
6363,47.3823,12.2207
6364,47.4407,12.2555
6365,47.3874,12.3064
6370,47.4489,12.425
6371,47.4052,12.4608
6372,47.498,12.3866
6373,47.3577,12.415
6380,47.5111,12.4518
6382,47.564,12.3878
6383,47.5831,12.5025
6384,47.5861,12.5909
6385,47.6182,12.3952
6391,47.4541,12.5454
6392,47.5007,12.5497
6393,47.5241,12.5925
6395,47.4696,12.6361
6401,47.2483,11.1587
6402,47.266,11.1585
6403,47.2596,11.1155
6404,47.2732,11.1427
6405,47.2776,11.0744
6406,47.2732,11.0964
6408,47.295,11.1681
6410,47.3257,11.0816
6413,47.3509,11.0174
6414,47.3383,10.9644
6416,47.3128,10.9045
6421,47.2707,11.0433
6422,47.2475,11.0103
6423,47.2842,10.9412
6424,47.2565,10.9396
6425,47.2519,10.8409
6426,47.1924,10.8176
6430,47.2361,10.8624
6432,47.199,10.8549
6433,47.2061,10.9134
6441,47.1357,10.9419
6444,47.0326,11.0036
6450,46.9404,11.0421
6452,46.9791,10.9803
6456,46.8502,11.0129
6458,46.8276,10.8556
6460,47.2755,10.6995
6462,47.2271,10.789
6463,47.2365,10.7668
6464,47.3033,10.7513
6465,47.3278,10.8363
6471,47.18,10.776
6473,47.1449,10.7017
6474,47.1338,10.788
6481,47.0067,10.8505
6491,47.2062,10.638
6492,47.1888,10.695
6493,47.2177,10.6905
6500,47.1306,10.5533
6511,47.1949,10.5122
6521,47.1233,10.6359
6522,47.0818,10.6624
6524,46.9479,10.7334
6525,47.0932,10.6756
6526,47.0668,10.7234
6527,47.0887,10.7261
6528,47.04,10.6958
6531,47.0283,10.6545
6532,47.083,10.6471
6533,47.0746,10.5807
6534,47.0284,10.5594
6541,46.9926,10.6301
6542,46.942,10.6185
6543,46.8903,10.5419
6544,46.9804,10.4391
6551,47.132,10.5124
6552,47.1089,10.5176
6553,47.0578,10.4607
6555,47.0534,10.3406
6561,46.9862,10.2981
6562,46.9879,10.2178
6563,46.9195,10.17
6571,47.1332,10.4526
6572,47.1434,10.4142
6574,47.1305,10.3516
6580,47.0744,10.2142
6591,47.148,10.5041
6600,47.4672,10.7241
6604,47.4658,10.6626
6610,47.4901,10.6653
6611,47.4438,10.7427
6621,47.4131,10.8046
6622,47.3918,10.7299
6623,47.3556,10.669
6631,47.4337,10.8923
6632,47.4139,10.9316
6633,47.3688,10.8715
6642,47.363,10.5974
6644,47.3441,10.538
6645,47.3817,10.5248
6646,47.3482,10.4307
6647,47.2994,10.5934
6650,47.2652,10.5311
6651,47.2944,10.4883
6652,47.291,10.413
6653,47.2436,10.4114
6654,47.269,10.3306
6655,47.2204,10.2723
6670,47.4127,10.6064
6671,47.4233,10.5184
6672,47.4796,10.5993
6673,47.4985,10.5609
6675,47.4865,10.5091
6677,47.5193,10.468
6682,47.5389,10.6143
6691,47.5709,10.453
6700,47.1419,9.8474
6706,47.1251,9.7946
6707,47.1404,9.757
6708,47.0872,9.7198
6710,47.1295,9.6841
6712,47.1972,9.7649
6713,47.1933,9.7948
6714,47.1763,9.8152
6719,47.1932,9.7278
6721,47.2197,9.7744
6722,47.2378,9.8043
6723,47.2426,9.8411
6731,47.2311,9.9679
6733,47.2649,9.9076
6741,47.1951,9.8906
6751,47.1487,9.9184
6752,47.1484,10.0282
6754,47.1163,10.0833
6762,47.1151,10.1352
6763,47.1705,10.1671
6764,47.2015,10.1105
6767,47.2621,10.164
6771,47.115,9.8687
6773,47.0749,9.8087
6774,47.0434,9.8786
6780,47.0693,9.9521
6781,47.1066,9.9143
6782,47.0691,10.0589
6787,46.9564,9.923
6791,47.0051,9.9549
6793,46.9634,10.0157
6794,46.9262,10.0593
6800,47.2514,9.592
6811,47.2414,9.6326
6812,47.3016,9.5773
6820,47.1891,9.6136
6822,47.2266,9.6952
6824,47.2059,9.6961
6830,47.2704,9.7642
6832,47.2962,9.6387
6833,47.3203,9.6866
6834,47.2518,9.6869
6835,47.2855,9.7091
6836,47.3101,9.7193
6840,47.3356,9.6685
6841,47.3493,9.6173
6842,47.3267,9.6112
6844,47.3555,9.6486
6845,47.3659,9.7056
6850,47.3663,9.7979
6858,47.4557,9.7854
6861,47.4614,9.8429
6863,47.3944,10.0238
6866,47.4067,9.9091
6867,47.4095,9.8474
6870,47.3648,10.0342
6874,47.365,9.96
6881,47.3358,9.8668
6882,47.3459,9.9526
6883,47.3069,9.9458
6884,47.2905,9.8864
6886,47.3003,10.0409
6888,47.2539,10.0828
6890,47.4286,9.6708
6900,47.4989,9.7378
6911,47.5275,9.7772
6912,47.5519,9.7565
6914,47.5802,9.7799
6921,47.4833,9.762
6922,47.4637,9.7448
6923,47.4679,9.7178
6932,47.5169,9.8398
6933,47.4925,9.8746
6934,47.5252,9.92
6941,47.4675,9.8994
6942,47.4874,9.9181
6943,47.5019,9.9607
6951,47.4521,9.9169
6952,47.425,10.061
6960,47.4827,9.8144
6971,47.4871,9.6922
6972,47.4842,9.6536
6973,47.4735,9.6291
6974,47.4828,9.5865
6991,47.3599,10.1972
6992,47.3493,10.1471
6993,47.3056,10.1464
7000,47.8383,16.5353
7011,47.7767,16.5663
7012,47.7602,16.5157
7013,47.7557,16.5585
7020,47.6984,16.4697
7021,47.7416,16.5022
7022,47.719,16.5029
7023,47.7619,16.4431
7024,47.7908,16.4505
7031,47.7875,16.418
7032,47.7696,16.3933
7033,47.7993,16.3641
7034,47.8145,16.4091
7035,47.839,16.404
7041,47.7983,16.4893
7042,47.7752,16.4845
7051,47.8354,16.4762
7052,47.8365,16.4457
7053,47.883,16.4667
7061,47.8163,16.5659
7062,47.7917,16.6141
7063,47.846,16.709
7064,47.8479,16.5924
7071,47.8043,16.6918
7072,47.7624,16.6815
7081,47.8671,16.6201
7082,47.8974,16.6372
7083,47.9239,16.6881
7091,47.9298,16.747
7092,47.9407,16.765
7093,47.9428,16.7911
7100,47.9477,16.8444
7111,48.0178,16.8737
7121,47.931,16.8809
7122,47.8934,16.9101
7123,47.8976,16.9662
7131,47.8576,16.9766
7132,47.8209,16.9207
7141,47.8419,16.82
7142,47.7608,16.7701
7143,47.7511,16.8511
7151,47.7282,16.9558
7152,47.7207,16.8991
7161,47.7866,16.9314
7162,47.7565,16.9911
7163,47.7684,17.0401
7201,47.7866,16.3051
7202,47.7661,16.3504
7203,47.7449,16.326
7210,47.7207,16.3833
7212,47.7107,16.3329
7221,47.7037,16.3937
7222,47.6959,16.4291
7223,47.6566,16.3885
7301,47.5933,16.6339
7302,47.532,16.6573
7304,47.525,16.5637
7311,47.6076,16.5496
7312,47.5845,16.5481
7321,47.5901,16.4958
7322,47.6171,16.4373
7323,47.6247,16.4832
7331,47.6032,16.419
7332,47.6084,16.3725
7341,47.5686,16.366
7342,47.5369,16.3843
7343,47.5421,16.4531
7344,47.5272,16.477
7350,47.5015,16.5123
7361,47.473,16.6323
7371,47.4705,16.3653
7372,47.5045,16.4097
7373,47.4543,16.4163
7374,47.5246,16.3571
7400,47.3084,16.1982
7410,47.3351,16.0723
7411,47.3036,16.0974
7412,47.252,16.1037
7421,47.4864,16.0614
7422,47.3358,16.1374
7423,47.381,16.1044
7431,47.3339,16.2375
7432,47.3817,16.1936
7433,47.3743,16.2427
7434,47.4159,16.2559
7435,47.3712,16.3367
7441,47.4438,16.3288
7442,47.3914,16.4008
7443,47.4101,16.494
7444,47.4353,16.5443
7451,47.4446,16.4997
7452,47.4722,16.5562
7453,47.4741,16.4864
7461,47.3266,16.2916
7463,47.3039,16.3435
7464,47.3073,16.3862
7471,47.312,16.4399
7472,47.2425,16.4208
7473,47.2185,16.3899
7474,47.1583,16.4339
7501,47.2546,16.2423
7503,47.2414,16.3124
7511,47.2038,16.2865
7512,47.1763,16.3636
7521,47.1067,16.4526
7522,47.0618,16.414
7531,47.2519,16.1565
7532,47.2202,16.1585
7533,47.187,16.1553
7534,47.1851,16.2052
7535,47.1304,16.2428
7536,47.173,16.2991
7537,47.1788,16.2486
7540,47.0442,16.3315
7542,47.064,16.2539
7543,47.0741,16.1813
7544,47.1083,16.3372
7551,47.1393,16.1739
7552,47.2106,16.1189
7561,46.9908,16.2486
7562,47.0153,16.2073
7563,47.0132,16.1717
7564,47.0207,16.1428
7571,47.0522,16.1281
7572,47.0974,16.1212
8010,47.0798,15.4477
8020,47.0675,15.4053
8041,47.0305,15.4684
8042,47.0529,15.4811
8043,47.1024,15.4599
8044,47.1232,15.4967
8045,47.1479,15.4586
8046,47.1445,15.4088
8047,47.0849,15.5275
8051,47.0902,15.3724
8052,47.0613,15.3471
8053,47.0482,15.411
8054,47.0186,15.3822
8055,47.0283,15.4371
8061,47.1895,15.4776
8062,47.1647,15.5391
8063,47.1287,15.588
8071,47.0027,15.5039
8072,46.9491,15.5289
8073,46.9999,15.4375
8074,47.0309,15.515
8075,47.0572,15.5177
8076,47.028,15.5672
8077,46.9981,15.4813
8081,46.9571,15.5864
8082,46.9348,15.6582
8083,46.9054,15.7179
8091,46.8552,15.7293
8092,46.8167,15.7091
8093,46.7947,15.7746
8101,47.145,15.3581
8102,47.2281,15.4108
8103,47.1422,15.2751
8111,47.1107,15.331
8112,47.123,15.3132
8113,47.0924,15.2685
8114,47.1824,15.2506
8120,47.2075,15.3572
8121,47.2033,15.3035
8122,47.2384,15.285
8124,47.2424,15.175
8130,47.2838,15.2831
8131,47.3346,15.3803
8132,47.3609,15.3056
8141,46.9629,15.4167
8142,46.9234,15.4317
8143,46.9379,15.3698
8144,46.9881,15.3546
8151,47.0351,15.3069
8152,47.0751,15.2154
8153,47.1586,15.1842
8160,47.2597,15.6164
8162,47.2752,15.5306
8163,47.3105,15.4644
8171,47.2958,15.5985
8172,47.3331,15.6101
8181,47.1583,15.6547
8182,47.218,15.7257
8183,47.2541,15.74
8184,47.2818,15.7034
8190,47.3703,15.7006
8191,47.3197,15.6822
8192,47.417,15.7288
8200,47.1025,15.7123
8211,47.1568,15.7508
8212,47.1748,15.8106
8221,47.1911,15.8447
8222,47.2106,15.8177
8223,47.2512,15.8041
8224,47.2196,15.8944
8225,47.3065,15.8162
8230,47.2883,15.9565
8232,47.343,15.9533
8233,47.3586,16.0156
8234,47.389,15.993
8240,47.4315,16.0518
8241,47.4273,16.0098
8242,47.4399,15.9531
8243,47.4527,16.0777
8244,47.4725,16.0998
8250,47.3988,15.8818
8251,47.4794,15.9369
8252,47.4823,15.8834
8253,47.477,15.8314
8254,47.4157,15.7919
8255,47.479,15.7869
8261,47.1085,15.8208
8262,47.0906,15.9147
8263,47.073,15.9977
8264,47.1183,15.9512
8265,47.1537,15.9068
8271,47.1707,16.0173
8272,47.1821,15.9712
8273,47.2084,15.9559
8274,47.2253,16.0068
8280,47.0564,16.0683
8282,47.0001,16.1043
8283,47.1155,16.0314
8291,47.1396,16.1005
8292,47.1812,16.0903
8293,47.2116,16.0792
8294,47.2481,16.052
8295,47.2733,16.0431
8301,47.0726,15.5737
8302,47.0486,15.6271
8311,47.0512,15.8372
8312,47.0407,15.9025
8313,47.0341,15.9526
8321,47.0498,15.741
8322,47.016,15.7738
8323,47.0196,15.6717
8324,46.979,15.7426
8330,46.9623,15.8855
8332,47.0019,15.8306
8333,47.0038,15.9338
8334,46.9652,15.952
8341,46.9402,15.79
8342,46.8658,15.8106
8343,46.8765,15.8763
8344,46.8723,15.9209
8345,46.8044,15.8794
8350,46.931,16.0069
8352,46.9799,16.0571
8353,46.8788,15.978
8354,46.8354,15.9601
8355,46.7851,15.9384
8361,46.9835,16.004
8362,47.0291,16.0244
8380,46.9442,16.1352
8382,46.96,16.2105
8383,46.8977,16.1236
8384,46.8768,16.0737
8385,46.8705,16.032
8401,46.9615,15.4805
8402,46.9233,15.4867
8403,46.8478,15.5064
8410,46.8878,15.5141
8411,46.8668,15.4631
8412,46.916,15.562
8413,46.8731,15.5907
8421,46.8538,15.6521
8422,46.8027,15.6536
8423,46.7573,15.6425
8424,46.7895,15.6031
8430,46.7907,15.5462
8431,46.8209,15.5679
8435,46.7564,15.5502
8441,46.7678,15.4344
8442,46.7883,15.4588
8443,46.7527,15.3625
8444,46.7932,15.3946
8451,46.7636,15.4818
8452,46.7295,15.4462
8453,46.709,15.3983
8454,46.673,15.4113
8455,46.6783,15.3224
8461,46.7126,15.5857
8462,46.7078,15.5215
8463,46.6629,15.4871
8471,46.7082,15.6465
8472,46.735,15.6042
8473,46.7118,15.7131
8480,46.7313,15.7691
8481,46.7528,15.7136
8482,46.7455,15.7998
8483,46.7643,15.8199
8484,46.7403,15.8953
8490,46.6934,15.9913
8492,46.7261,15.9546
8493,46.7667,15.9771
8501,46.9767,15.3318
8502,46.9471,15.3217
8503,46.9013,15.3378
8504,46.8773,15.375
8505,46.8207,15.4477
8510,46.8918,15.2683
8511,46.9335,15.2379
8521,46.8267,15.3883
8522,46.82,15.3123
8523,46.8206,15.2587
8524,46.8788,15.1805
8530,46.8525,15.0929
8541,46.7707,15.1461
8542,46.7654,15.2609
8543,46.7579,15.3035
8544,46.7205,15.3145
8551,46.7395,15.0953
8552,46.6767,15.2093
8553,46.6944,15.1438
8554,46.6954,15.0676
8561,47.0002,15.2902
8562,46.9722,15.2716
8563,46.967,15.1665
8564,47.0113,15.1858
8565,47.0116,15.2408
8570,47.0534,15.1635
8572,47.0928,15.1225
8573,47.1578,15.0648
8580,47.0468,15.0806
8582,47.0461,15.1093
8583,46.9889,15.0229
8584,47.0376,14.8986
8591,47.0647,15.0087
8592,47.1284,14.9662
8593,47.1224,15.0316
8600,47.4076,15.2632
8605,47.4687,15.284
8611,47.4672,15.144
8612,47.5342,15.0551
8614,47.3902,15.4616
8616,47.3828,15.5749
8621,47.5585,15.1705
8622,47.5095,15.1567
8623,47.5692,15.2403
8624,47.5605,15.3005
8625,47.5758,15.3682
8630,47.7824,15.3246
8632,47.6915,15.1813
8634,47.6732,15.3491
8635,47.6508,15.3043
8636,47.6255,15.2525
8641,47.4423,15.3731
8642,47.5062,15.361
8643,47.4548,15.4315
8644,47.4877,15.395
8650,47.5212,15.4386
8652,47.5129,15.4003
8653,47.4485,15.5311
8654,47.4447,15.6315
8661,47.5343,15.4774
8662,47.5255,15.5204
8663,47.6082,15.5016
8664,47.6069,15.4526
8665,47.5679,15.6142
8670,47.5564,15.5482
8671,47.5024,15.622
8672,47.4941,15.6782
8673,47.4852,15.7412
8674,47.5357,15.8316
8680,47.5971,15.6765
8682,47.5774,15.663
8684,47.6043,15.7551
8685,47.6021,15.8204
8691,47.6753,15.6582
8692,47.6756,15.5552
8693,47.6827,15.4441
8694,47.7641,15.5601
8700,47.3507,15.1245
8712,47.4028,15.1415
8713,47.2972,15.0023
8714,47.3182,14.9257
8715,47.2643,14.9407
8720,47.2036,14.927
8723,47.253,14.836
8724,47.2193,14.7818
8731,47.3096,14.6452
8732,47.2851,14.7939
8733,47.3082,14.8586
8734,47.1615,14.8547
8740,47.1851,14.7435
8741,47.1165,14.8029
8742,47.0627,14.6924
8750,47.1399,14.6583
8753,47.2174,14.682
8754,47.1949,14.602
8755,47.1617,14.5778
8756,47.1962,14.5172
8761,47.2382,14.5738
8762,47.2483,14.4614
8763,47.3394,14.4055
8764,47.3204,14.3244
8765,47.3732,14.4843
8770,47.321,15.041
8772,47.3823,14.974
8773,47.399,14.9137
8774,47.4021,14.8106
8775,47.4371,14.7549
8781,47.4302,14.6571
8782,47.4626,14.6001
8783,47.5012,14.5492
8784,47.4926,14.4703
8785,47.4148,14.5327
8786,47.4621,14.3264
8790,47.549,14.8967
8792,47.3876,15.0171
8793,47.4644,14.9112
8794,47.4987,14.9857
8795,47.5327,14.7514
8800,47.1982,14.4289
8811,47.1474,14.4527
8812,47.1035,14.3728
8813,47.0757,14.2963
8820,47.0626,14.4407
8822,47.0357,14.5327
8831,47.2054,14.3511
8832,47.2447,14.263
8833,47.1328,14.3683
8841,47.1325,14.295
8842,47.1619,14.2605
8843,47.2166,14.1672
8844,47.2135,14.0893
8850,47.0855,14.2069
8852,47.1317,14.1857
8853,47.1547,14.0409
8854,47.2162,13.9559
8861,47.0807,14.1019
8862,47.0536,13.995
8863,47.0288,13.9095
8864,46.9447,13.8615
8900,47.5512,14.3201
8903,47.5297,14.2512
8904,47.6052,14.3654
8911,47.5886,14.4502
8912,47.5431,14.6325
8913,47.6163,14.6433
8920,47.5912,14.7714
8921,47.6323,14.8002
8922,47.6578,14.8427
8923,47.7105,14.8291
8924,47.6745,14.9844
8931,47.6498,14.7097
8932,47.6797,14.5294
8933,47.6674,14.6077
8934,47.7278,14.7001
8940,47.592,14.2296
8942,47.5872,14.1376
8943,47.4839,14.1974
8950,47.5414,14.1045
8951,47.5246,14.0539
8952,47.4966,14.0811
8953,47.3917,14.1387
8954,47.4959,13.9881
8960,47.4346,14.0209
8961,47.3477,13.986
8962,47.4362,13.8962
8965,47.3853,13.8734
8966,47.4006,13.8402
8967,47.4232,13.7565
8970,47.3979,13.6851
8971,47.3289,13.7388
8972,47.4344,13.663
8973,47.3472,13.6167
8974,47.4047,13.5845
8982,47.5786,14.0498
8983,47.5574,13.9313
8984,47.5547,13.8366
8990,47.576,13.783
8992,47.664,13.7696
8993,47.6618,13.9411
9020,46.636,14.3307
9061,46.6691,14.2647
9062,46.6688,14.1646
9063,46.6968,14.3312
9064,46.6871,14.4351
9065,46.5835,14.4087
9071,46.5626,14.2172
9072,46.5502,14.138
9073,46.5919,14.271
9074,46.5873,14.1826
9081,46.6057,14.1905
9082,46.6189,14.1379
9100,46.6573,14.6413
9102,46.7037,14.557
9103,46.7502,14.6367
9104,46.781,14.705
9111,46.694,14.6545
9112,46.7155,14.7281
9113,46.6694,14.7833
9121,46.6386,14.5493
9122,46.6048,14.572
9123,46.5782,14.5211
9125,46.6184,14.675
9130,46.66,14.4893
9131,46.6046,14.4752
9132,46.5505,14.5059
9133,46.5394,14.6159
9135,46.4558,14.5652
9141,46.5839,14.654
9142,46.5474,14.6999
9143,46.5706,14.7516
9150,46.5739,14.8069
9155,46.6347,14.8931
9161,46.5661,14.3216
9162,46.5246,14.2357
9163,46.4801,14.2294
9170,46.4925,14.3528
9173,46.5247,14.4221
9181,46.4898,14.1395
9182,46.5146,14.0905
9183,46.5142,14.0237
9184,46.5575,14.0455
9201,46.633,14.2189
9210,46.6345,14.1518
9212,46.6465,14.0846
9220,46.6182,14.0263
9231,46.65,14.0114
9232,46.5781,13.9937
9241,46.623,13.9595
9300,46.7742,14.3536
9311,46.8229,14.3619
9312,46.8429,14.4028
9313,46.7903,14.4286
9314,46.7621,14.4614
9321,46.8349,14.4799
9322,46.9189,14.4367
9323,47.0092,14.3997
9330,46.8797,14.4372
9334,46.9055,14.5089
9335,46.9218,14.6229
9341,46.9085,14.3286
9342,46.8567,14.2978
9343,46.8942,14.2044
9344,46.8399,14.199
9345,46.8786,14.1639
9346,46.9211,14.0876
9360,46.9689,14.4331
9361,46.9899,14.3206
9362,46.9514,14.2632
9363,46.9906,14.1381
9371,46.7431,14.5417
9372,46.799,14.5937
9373,46.8226,14.562
9374,46.8745,14.5864
9375,46.9639,14.5776
9376,46.9263,14.558
9400,46.858,14.8338
9411,46.8566,14.7029
9412,46.8907,14.7358
9413,46.845,14.9518
9421,46.7812,14.9135
9422,46.7405,14.8821
9423,46.7352,14.9738
9431,46.8183,14.8962
9433,46.7647,14.799
9441,46.9085,14.9021
9451,46.9465,14.9406
9461,46.9138,14.8052
9462,46.9807,14.8326
9463,47.0017,14.7009
9470,46.6993,14.8514
9472,46.683,14.9616
9473,46.6648,14.9011
9500,46.6204,13.8018
9504,46.5886,13.8112
9520,46.6721,13.9095
9521,46.6745,13.8632
9523,46.6411,13.8909
9524,46.615,13.8919
9530,46.614,13.691
9531,46.6311,13.6053
9535,46.5887,14.0913
9536,46.5711,14.0686
9541,46.69,13.811
9542,46.7361,13.7713
9543,46.7372,13.8774
9544,46.7675,13.7465
9545,46.8446,13.6952
9546,46.8521,13.7861
9551,46.6913,13.958
9552,46.7057,14.0138
9554,46.7627,14.1648
9555,46.7183,14.2009
9556,46.7492,14.2657
9560,46.7364,14.1061
9562,46.7506,14.0102
9563,46.7981,13.9257
9564,46.8271,13.8747
9565,46.8751,13.8849
9570,46.6711,13.9854
9571,46.8658,13.9829
9572,46.8972,14.0259
9580,46.5988,13.9223
9581,46.5416,13.9654
9582,46.5365,13.9147
9583,46.57,13.9196
9584,46.5497,13.8732
9585,46.5465,13.8449
9586,46.5647,13.8051
9587,46.5471,13.7867
9601,46.5557,13.7157
9602,46.5498,13.6542
9611,46.5912,13.652
9612,46.6131,13.5718
9613,46.5646,13.5733
9614,46.5835,13.5071
9615,46.6206,13.4775
9620,46.6249,13.3393
9622,46.6859,13.2335
9623,46.6296,13.5166
9624,46.613,13.4297
9631,46.6078,13.2467
9632,46.6316,13.1918
9633,46.6425,13.156
9634,46.6395,13.1263
9635,46.6498,13.0704
9640,46.6605,12.9939
9651,46.6711,12.9258
9652,46.6661,12.8713
9653,46.6849,12.8166
9654,46.6953,12.7676
9655,46.6957,12.7249
9701,46.7699,13.579
9702,46.7542,13.6531
9710,46.6751,13.6473
9711,46.6945,13.6025
9712,46.7233,13.7001
9713,46.7253,13.5885
9714,46.6983,13.4675
9721,46.6795,13.7199
9722,46.6612,13.7581
9751,46.8223,13.3122
9753,46.7619,13.3629
9754,46.7835,13.2408
9761,46.7641,13.1746
9762,46.6962,13.3656
9771,46.7443,13.1293
9772,46.766,13.084
9773,46.7698,13.0262
9781,46.765,12.9631
9782,46.7913,12.9178
9800,46.7817,13.5208
9805,46.7901,13.4465
9811,46.8628,13.4286
9812,46.8654,13.3835
9813,46.8378,13.3687
9814,46.8846,13.3444
9815,46.9015,13.3158
9816,46.8965,13.2579
9821,46.9274,13.2055
9822,47.0079,13.1917
9831,46.9709,13.0594
9832,46.8797,13.0463
9833,46.8472,12.9821
9841,46.8771,12.8697
9842,46.9347,12.877
9843,46.9926,12.8955
9844,47.0429,12.8516
9851,46.8322,13.4833
9852,46.8962,13.4724
9853,46.9282,13.4956
9854,47.0153,13.4224
9861,46.9187,13.6718
9862,46.9685,13.6761
9863,47.0304,13.5859
9871,46.8324,13.5276
9872,46.8288,13.5961
9873,46.7803,13.65
9900,46.8288,12.7513
9903,46.853,12.6714
9904,46.8695,12.7737
9905,46.853,12.7866
9906,46.7808,12.8416
9907,46.7906,12.798
9908,46.7833,12.7605
9909,46.7767,12.7204
9911,46.7984,12.6337
9912,46.7929,12.5386
9913,46.7664,12.5152
9918,46.7584,12.4922
9919,46.7415,12.4433
9920,46.7416,12.3999
9931,46.8246,12.4589
9932,46.8271,12.3575
9941,46.7004,12.4925
9942,46.7002,12.6025
9943,46.6953,12.6671
9951,46.8982,12.6975
9952,46.9047,12.6246
9954,46.8718,12.6281
9961,46.8981,12.5025
9962,46.9086,12.4041
9963,46.9467,12.2624
9971,47.0307,12.5386
9972,46.999,12.4298
9974,47.037,12.3122
9981,47.0212,12.6742
9990,46.8923,12.7855
9991,46.8574,12.8335
9992,46.8681,12.84
