;postal_code;latitude;longitude
4;1010;48.2077;16.3705
13;1020;48.2167;16.4
22;1030;48.1981;16.3948
32;1040;48.192;16.3671
40;1050;48.1865;16.3549
44;1060;48.1952;16.3503
50;1070;48.2;16.35
54;1080;48.2167;16.35
57;1090;48.2333;16.35
65;1100;48.1521;16.3878
75;1110;48.164;16.4463
81;1120;48.1705;16.3223
90;1130;48.1773;16.2456
96;1140;48.2077;16.197433333333333
105;1150;48.196;16.3183
111;1160;48.2167;16.3
118;1170;48.2338;16.2901
123;1180;48.2356;16.3193
128;1190;48.2591;16.3339
137;1200;48.2402;16.3773
145;1210;48.3;16.380650000000003
155;1220;48.219;16.495
165;1230;48.1433;16.2934
179;1300;48.15;16.5167
206;2000;48.3667;16.1685
207;2002;48.5167;16.2317
208;2003;48.4167;16.25
209;2004;48.45;16.291675
210;2011;48.446;16.162677777777777
211;2013;48.4833;16.124658333333333
212;2014;48.5;16.05
213;2020;48.5833;16.059123529411767
214;2022;48.6394;16.137349999999998
215;2023;48.6167;16.183325
216;2024;48.6738;16.1813
217;2031;48.5667;16.183333333333334
218;2032;48.6;16.256475000000002
219;2033;48.6167;16.227766666666668
220;2034;48.6639;16.23115
221;2041;48.6247;16.102866666666667
222;2042;48.6167;16.0411
223;2051;48.6833;15.94334
224;2052;48.7;16.022233333333332
225;2053;48.706;16.0234
226;2054;48.75;16.04074
227;2061;48.7;16.152933333333333
228;2062;48.7167;16.1764
229;2063;48.7;16.2333
230;2064;48.7167;16.3
231;2070;48.7843;15.962416666666668
232;2073;48.7524;15.911375
233;2074;48.75;16.005566666666667
234;2081;48.7667;15.887366666666669
235;2082;48.85;15.85835
236;2083;48.8167;15.833333333333334
237;2084;48.8;15.797628571428572
238;2091;48.8218;15.732866666666666
239;2092;48.8667;15.790566666666669
240;2093;48.7806;15.68275
241;2094;48.8306;15.59995
242;2095;48.85;15.61672
243;2100;48.3833;16.347216666666668
244;2102;48.3;16.37328
245;2103;48.3;16.35
246;2104;48.3833;16.25
247;2105;48.3833;16.31334
249;2111;48.3833;16.3782
250;2112;48.4333;16.416674999999998
251;2113;48.45;16.35835
252;2114;48.4667;16.413339999999998
253;2115;48.5333;16.35934
254;2116;48.5667;16.383325
255;2120;48.3667;16.5167
256;2122;48.4;16.4785
257;2123;48.45;16.497233333333334
258;2124;48.4833;16.45835
259;2125;48.4667;16.500025
260;2126;48.5167;16.447216666666666
263;2130;48.55;16.565922222222223
264;2132;48.6167;16.5167
265;2133;48.6333;16.4465
266;2134;48.6667;16.49334
267;2135;48.6833;16.510579999999997
268;2136;48.7451;16.38148
270;2141;48.6667;16.55
271;2143;48.6333;16.72825
272;2144;48.6333;16.8
273;2145;48.6167;16.8167
274;2151;48.6167;16.45422
275;2152;48.6257;16.375333333333334
276;2153;48.6333;16.297333333333334
277;2154;48.6667;16.3708
278;2161;48.7167;16.6167
279;2162;48.7167;16.5833
280;2163;48.75;16.5611
281;2164;48.7565;16.4955
282;2165;48.75;16.6337
283;2170;48.65;16.627783333333333
284;2171;48.6833;16.6833
285;2172;48.7167;16.7167
287;2181;48.6;16.8167
288;2182;48.5833;16.8167
289;2183;48.5978;16.761499999999998
290;2184;48.5978;16.7563
291;2185;48.6;16.712500000000002
292;2191;48.5;16.57928
293;2192;48.55;16.65
294;2193;48.6167;16.645825
295;2201;48.3567;16.424
296;2202;48.3333;16.415066666666664
297;2203;48.364;16.4607
298;2211;48.35;16.5333
299;2212;48.3677;16.6072
300;2213;48.36;16.6039
301;2214;48.3667;16.6333
302;2215;48.3941;16.6582
303;2221;48.4147;16.6319
304;2222;48.4519;16.5908
305;2223;48.4617;16.636833333333332
306;2224;48.4772;16.674325
307;2225;48.5667;16.74706666666667
308;2230;48.3392;16.7202
309;2231;48.3167;16.6353
310;2232;48.2833;16.566666666666666
311;2241;48.3548;16.6912
312;2242;48.3868;16.7389
313;2243;48.4;16.7
314;2244;48.4639;16.7365
315;2245;48.4667;16.781950000000002
316;2251;48.4333;16.7833
317;2252;48.4;16.8
318;2253;48.3444;16.776925
319;2261;48.3778;16.83335
320;2262;48.4167;16.8333
321;2263;48.4731;16.83715
322;2264;48.4981;16.87905
323;2265;48.5275;16.8953
324;2272;48.5667;16.85835
325;2273;48.6042;16.9047
326;2274;48.65;16.9
327;2275;48.6916;16.8695
328;2276;48.7;16.796
330;2281;48.2387;16.574550000000002
331;2282;48.2461;16.6311
332;2283;48.2667;16.7
333;2284;48.25;16.7333
334;2285;48.1942;16.69845
335;2286;48.2003;16.7589
336;2291;48.2248;16.81365
337;2292;48.15;16.866633333333333
338;2293;48.2789;16.9093
339;2294;48.2789;16.91562
340;2295;48.3076;16.845299999999998
341;2301;48.1769;16.601
342;2304;48.1635;16.7067
343;2305;48.1645;16.8063
344;2320;48.12;16.3932
345;2322;48.12;16.3932
348;2325;48.12;16.3932
349;2326;48.12;16.3932
350;2331;48.1211;16.3404
351;2332;48.1117;16.3631
352;2333;48.118;16.3479
353;2334;48.1211;16.3404
355;2340;48.1;16.286250000000003
357;2344;48.1;16.2833
358;2345;48.107;16.2847
362;2351;48.0683;16.332275000000003
363;2352;48.0454;16.2771
364;2353;48.0469;16.295450000000002
368;2361;48.0683;16.3561
369;2362;48.0839;16.3454
370;2371;48.0861;16.226933333333335
371;2372;48.0978;16.2348
373;2380;48.1194;16.2661
374;2381;48.1549;16.19375
376;2384;48.1333;16.15
378;2391;48.1165;16.1996
379;2392;48.0832;16.123116666666665
380;2393;48.0744;16.17535
381;2401;48.1086;16.8053
382;2402;48.1;16.7
383;2403;48.1;16.783333333333335
384;2404;48.1167;16.85
385;2405;48.1342;16.921
387;2410;48.1463;16.945
388;2412;48.1333;17.0
389;2413;48.1;17.0083
390;2421;48.0925;17.0639
391;2422;48.05;17.0333
392;2423;48.0167;17.1
393;2424;47.9831;17.0031
394;2425;47.9406;17.0694
395;2431;48.0833;16.6033
396;2432;48.0667;16.5833
397;2433;48.0333;16.6
398;2434;48.0326;16.598325
399;2435;48.0167;16.58415
400;2440;47.9833;16.4883
401;2441;47.9833;16.47883333333333
402;2442;47.95;16.424999999999997
403;2443;47.9;16.507975000000002
404;2444;47.9667;16.5167
406;2451;47.923;16.5706
407;2452;48.0;16.572599999999998
408;2453;47.9833;16.65
409;2454;48.0167;16.65
410;2460;48.0167;16.775
411;2462;47.9881;16.71343333333333
412;2463;48.05;16.65
413;2464;48.0667;16.71665
414;2465;48.0667;16.7833
415;2471;47.9996;16.863183333333335
416;2472;48.0667;16.95
417;2473;48.045;16.9432
418;2474;48.0167;16.9833
419;2475;48.0167;16.9333
420;2481;48.0803;16.3861
421;2482;48.0333;16.3833
422;2483;47.95;16.4
424;2485;47.9167;16.424999999999997
425;2486;47.9;16.377766666666666
426;2490;47.8878;16.35475
427;2491;47.8656;16.3991
428;2492;47.85;16.327550000000002
429;2493;47.8333;16.30255
430;2500;48.0054;16.211925
433;2504;47.9846;16.2174
435;2511;48.0174;16.24945
436;2512;47.9853;16.28135
438;2514;48.0258;16.296666666666667
439;2521;47.9935;16.3427
440;2522;47.9757;16.3219
441;2523;47.95;16.3
442;2524;47.95;16.2833
443;2525;47.9439;16.257199999999997
444;2531;48.0536;16.2
445;2532;48.0453;16.13074
446;2533;48.0877;16.048766666666666
447;2534;48.0305;16.086689999999997
449;2540;47.9628;16.1918
451;2542;47.928;16.2218
452;2544;47.947;16.21902
453;2551;47.931;16.1791
454;2552;47.931;16.1791
455;2560;47.9262;16.098275
458;2563;47.9582;16.0948
459;2564;47.9719;16.06028
460;2565;47.9628;16.08392
461;2571;48.0155;15.9907
462;2572;48.0625;15.9153
463;2601;47.8833;16.2812
464;2602;47.9163;16.264133333333334
465;2603;47.8878;16.266066666666664
466;2604;47.85;16.277549999999998
467;2620;47.6667;16.075045
469;2624;47.7776;16.1409
470;2625;47.7318;16.160449999999997
471;2630;47.7178;15.99059
472;2631;47.7553;15.966725
473;2632;47.6742;16.009877777777778
475;2640;47.65;15.946874193548387
476;2641;47.6383;15.90885
477;2642;47.6383;15.8813
478;2650;47.6808;15.855
479;2651;47.6951;15.809409090909092
481;2654;47.6765;15.79416
482;2661;47.8362;15.7291
483;2662;47.8362;15.728114285714286
484;2663;47.8362;15.73255
485;2671;47.6808;15.87735
486;2673;47.6721;15.8496
487;2680;47.6151;15.7755
488;2700;47.8;16.222839999999998
495;2721;47.8238;16.142233333333333
496;2722;47.815;16.11005
497;2723;47.8308;16.092075
498;2724;47.8004;16.059866666666668
499;2731;47.7776;16.085466666666665
500;2732;47.7977;16.04636
501;2733;47.7986;16.011218181818183
502;2734;47.7858;15.9632
503;2751;47.8;16.207919999999998
504;2752;47.8;16.1961
505;2753;47.8747;16.1095
506;2754;47.8709;16.053125
507;2755;47.8785;16.0246
508;2761;47.7871;15.96842
509;2763;47.8795;15.9629
510;2770;47.8842;15.8784
511;2801;47.7805;16.276600000000002
512;2802;47.7167;16.302885714285715
513;2803;47.6167;16.325333333333333
514;2811;47.6167;16.26095
515;2812;47.5583;16.26226875
516;2813;47.6212;16.219345454545454
517;2821;47.7167;16.245228571428573
518;2822;47.7;16.214188888888888
519;2823;47.7192;16.207066666666666
520;2824;47.7192;16.193199999999997
521;2831;47.6667;16.117316666666667
522;2832;47.65;16.1833
523;2833;47.65;16.176985714285713
524;2840;47.598;16.136757142857142
525;2842;47.6023;16.1358
526;2851;47.5667;16.158179999999998
527;2852;47.4;16.192555555555558
528;2853;47.4727;16.2061
529;2860;47.5;16.27777142857143
530;2870;47.5374;16.082457894736844
531;2871;47.4833;16.1263
532;2872;47.5374;16.038775
533;2873;47.6;16.0795
534;2880;47.6096;15.9689
535;2881;47.6;15.91315
536;3001;48.2654;16.10205
537;3002;48.2654;16.0852
538;3003;48.2654;16.0852
539;3004;48.2654;16.076787500000002
540;3011;48.1822;15.8775
541;3012;48.1822;15.8775
542;3013;48.1822;15.8775
543;3021;48.1822;15.8775
544;3031;48.173;15.9527
545;3032;48.173;15.96249
546;3033;48.0877;15.944844444444444
547;3034;48.173;15.955857142857145
548;3040;48.1968;15.903313333333331
549;3041;48.2316;15.928955555555556
550;3042;48.2608;15.8673
551;3051;48.1724;15.88214
552;3052;48.1351;15.893895454545456
553;3053;48.0877;15.880866666666668
554;3061;48.1894;15.844375
555;3062;48.212;15.824107692307694
556;3071;48.1875;15.75781
557;3072;48.1295;15.78721875
558;3073;48.1573;15.791030769230767
559;3074;48.0999;15.76327
560;3100;48.2178;15.62235
564;3104;48.1833;15.640416666666669
565;3105;48.2415;15.6731
567;3107;48.2;15.629025
570;3110;48.237;15.553709090909091
572;3121;48.2667;15.549345454545454
573;3122;48.3333;15.499614285714284
574;3123;48.3;15.592852
575;3124;48.3149;15.581814285714286
576;3125;48.3062;15.626142857142856
577;3130;48.2977;15.709709090909092
578;3131;48.3282;15.69522
579;3133;48.3242;15.755244444444443
580;3134;48.3399;15.698628571428571
581;3140;48.2234;15.724183333333334
582;3141;48.25;15.77044
583;3142;48.2046;15.80545
584;3143;48.1726;15.711592
585;3144;48.1086;15.723775000000002
586;3150;48.0664;15.6072
587;3151;48.1424;15.606053846153848
588;3153;48.0483;15.584816666666669
589;3160;48.0333;15.619666666666667
590;3161;48.0332;15.670707692307692
591;3162;48.0499;15.69535
592;3163;48.0499;15.72465
593;3170;48.0298;15.796066666666666
594;3171;48.0108;15.76095
595;3172;48.01;15.800266666666667
596;3180;47.9813;15.581811111111112
598;3183;47.9734;15.554425
599;3184;47.931;15.493
600;3192;47.9342;15.597783333333332
601;3193;47.8691;15.58115
602;3195;47.8323;15.4906
603;3200;48.0981;15.537241176470587
604;3202;48.0705;15.509525
605;3203;48.0981;15.489809090909093
606;3204;48.0981;15.47251818181818
607;3205;48.0981;15.520663636363638
608;3211;47.9774;15.343966666666669
609;3212;47.9598;15.3384875
610;3213;48.0;15.32133
611;3214;47.9565;15.303992307692308
612;3221;47.8868;15.2911
613;3222;47.861;15.36712
614;3223;47.8703;15.329916666666668
615;3224;47.8671;15.324000000000002
616;3231;48.1165;15.465030769230768
617;3232;48.1167;15.451342857142858
618;3233;48.1167;15.43090652173913
619;3240;48.0902;15.314189743589742
620;3241;48.0869;15.305261111111111
621;3242;48.0902;15.306507692307692
622;3243;48.1833;15.299613725490197
623;3244;48.0902;15.2825
624;3250;48.1084;15.131716129032258
625;3251;48.059;15.138159375
626;3252;48.1333;15.142320000000002
627;3253;48.1084;15.1772
628;3254;48.1084;15.1404
629;3261;48.0498;15.040297368421053
630;3262;48.0478;15.007722222222222
631;3263;47.9954;14.99211818181818
632;3264;47.9723;15.030478571428572
633;3270;48.0086;15.1594
635;3281;48.0534;15.216046
636;3282;48.0217;15.218466666666664
637;3283;47.9543;15.203242857142856
638;3291;47.9456;15.1271
639;3292;47.929;15.0953
640;3293;47.8612;15.0591
641;3294;47.8453;15.109325
642;3295;47.8696;15.1267
643;3300;48.1216;14.844157142857142
645;3304;48.15;14.920983333333332
647;3311;48.1167;14.83605
648;3312;48.1167;14.781966666666667
649;3313;48.15;14.73666
650;3314;48.1333;14.7056
651;3321;48.15;14.823340000000002
652;3322;48.1507;14.908666666666669
653;3323;48.2186;14.906577777777777
654;3324;48.0818;14.9089
655;3325;48.0833;14.972266666666668
656;3331;48.0167;14.73462
657;3332;47.945;14.73065
658;3333;48.0167;14.7259
659;3334;47.9;14.716771428571429
660;3335;47.8833;14.676139999999998
661;3340;47.9833;14.813169230769232
662;3341;47.95;14.872892857142858
663;3342;47.8735;14.839757142857142
664;3343;47.7667;14.827864285714286
665;3344;47.8735;14.87035
666;3345;47.7387;14.880169230769232
667;3350;48.1;14.59475
668;3351;48.05;14.59435
669;3352;48.05;14.59625
670;3353;48.0167;14.675
671;3354;48.0585;14.63605
672;3355;47.977;14.6313
674;3361;48.0167;14.76451111111111
675;3362;48.0964;14.800199999999998
676;3363;48.0765;14.8022
677;3364;48.0646;14.8286
678;3365;48.0263;14.79705
680;3370;48.1438;15.07424
681;3371;48.1333;15.057509090909091
682;3372;48.0833;15.010975
683;3373;48.15;15.07195
684;3374;48.1438;15.092433333333332
685;3375;48.1438;15.078480000000004
686;3376;48.15;15.038866666666667
687;3380;48.2;15.30392
688;3381;48.1919;15.371925
689;3382;48.2312;15.399527272727273
690;3383;48.1384;15.42405
691;3384;48.2167;15.449576923076922
692;3385;48.1667;15.496425
693;3386;48.1919;15.460295238095238
696;3390;48.2035;15.32977142857143
697;3392;48.2552;15.372
698;3393;48.2166;15.29025
700;3400;48.3528;15.9306
706;3413;48.3;16.2167
707;3420;48.3303;16.1979
708;3421;48.3303;16.1979
709;3422;48.3382;16.244366666666668
710;3423;48.334;16.1977
711;3424;48.3285;16.1772
712;3425;48.3303;16.1979
713;3426;48.3318;16.1492
714;3430;48.4;16.04618
715;3433;48.302;16.1449
716;3434;48.2934;16.110833333333332
717;3435;48.3421;15.9364
718;3441;48.2806;15.99994
719;3442;48.319;16.00125
720;3443;48.2065;16.00656111111111
721;3451;48.252;15.94052857142857
722;3452;48.2774;15.878642857142856
723;3454;48.2978;15.813505263157891
725;3462;48.3912;15.95982
726;3463;48.4;16.0278
727;3464;48.3667;16.0852
728;3465;48.4333;15.98285
729;3470;48.4333;15.8916625
730;3471;48.4833;15.875
731;3472;48.5;15.8167
732;3473;48.5;15.78
733;3474;48.4167;15.86
734;3481;48.4333;15.83335
735;3482;48.4667;15.8167
736;3483;48.4333;15.77915
737;3484;48.4274;15.777075
738;3485;48.4333;15.738866666666668
739;3491;48.5167;15.744040000000002
740;3492;48.4333;15.7342
741;3493;48.45;15.7167
742;3494;48.4332;15.692266666666669
743;3495;48.4542;15.7202
744;3500;48.4375;15.588954545454545
750;3506;48.3789;15.6563
752;3508;48.3679;15.635185714285711
753;3511;48.3667;15.595685714285713
754;3512;48.3842;15.553599999999998
755;3521;48.4836;15.419157142857143
756;3522;48.4833;15.370307142857143
757;3524;48.4836;15.2934
758;3525;48.45;15.266766666666667
759;3531;48.55;15.287616666666668
760;3532;48.558;15.340854545454546
761;3533;48.5833;15.266085714285714
762;3541;48.4311;15.5379625
763;3542;48.5167;15.47590476190476
764;3543;48.5191;15.445014285714285
765;3544;48.5833;15.474975
766;3550;48.5;15.66675
767;3552;48.45;15.57955
768;3553;48.4875;15.5815
769;3561;48.4833;15.675
770;3562;48.55;15.6772
771;3564;48.55;15.7
772;3571;48.5833;15.642783333333334
773;3572;48.5937;15.560899999999998
774;3573;48.6167;15.619099999999998
775;3580;48.6627;15.644678571428573
776;3591;48.65;15.57668
777;3592;48.6477;15.5097
778;3593;48.6667;15.4646625
779;3594;48.6;15.395242857142858
780;3595;48.6833;15.497139999999998
781;3601;48.3958;15.514566666666669
782;3602;48.3926;15.5051
783;3610;48.4333;15.438385714285712
784;3611;48.4167;15.39065
785;3613;48.4833;15.369841666666666
786;3620;48.3992;15.367042857142858
787;3621;48.3649;15.387
788;3622;48.3992;15.336525
789;3623;48.4333;15.300076
790;3631;48.4361;15.1954875
791;3632;48.4333;15.1201375
792;3633;48.4361;15.047691666666667
793;3641;48.3225;15.403825
794;3642;48.3252;15.39005
795;3643;48.3269;15.346872222222222
796;3644;48.2877;15.338076923076924
797;3650;48.3333;15.215105769230773
798;3652;48.2463;15.253066666666664
799;3653;48.2833;15.25358148148148
800;3654;48.3003;15.261478571428572
801;3660;48.2167;15.2167
802;3661;48.25;15.195421428571429
803;3662;48.25;15.141628571428573
804;3663;48.3163;15.1435
805;3664;48.4;15.156276470588235
806;3665;48.3333;15.09334
807;3671;48.2333;15.145685714285715
808;3672;48.2167;15.165033333333334
809;3680;48.1896;15.0916
810;3681;48.2273;15.062877777777778
811;3683;48.2273;15.062599999999998
812;3684;48.2273;15.0666
813;3691;48.2251;14.993214285714286
814;3701;48.5167;15.983609090909091
815;3702;48.4667;16.05
816;3704;48.5;15.933299999999996
817;3710;48.5;15.94034
818;3711;48.5306;15.87305
819;3712;48.55;15.842525
820;3713;48.5833;15.778888888888888
821;3714;48.6458;15.931971428571428
822;3720;48.55;15.852385714285717
823;3721;48.5833;15.864375
824;3722;48.6102;15.8573
825;3730;48.6667;15.829185714285714
826;3741;48.6955;15.85702
827;3742;48.7333;15.789733333333333
828;3743;48.6985;15.8036
829;3744;48.6423;15.728566666666666
830;3751;48.6768;15.7448
831;3752;48.7167;15.73007142857143
832;3753;48.7333;15.639871428571428
833;3754;48.7333;15.555342857142858
834;3761;48.6942;15.520966666666666
835;3762;48.75;15.482833333333332
836;3763;48.8061;15.57085
837;3800;48.7667;15.36666
838;3804;48.7;15.295483333333332
839;3811;48.75;15.395825
840;3812;48.8;15.4124875
841;3813;48.7907;15.4343
842;3814;48.7907;15.4752375
843;3820;48.85;15.483053333333334
844;3822;48.8782;15.401975
845;3823;48.9119;15.461125
846;3824;48.8782;15.521216666666668
847;3830;48.8;15.283720833333334
848;3834;48.8167;15.18369090909091
849;3841;48.7833;15.287350000000002
850;3842;48.8549;15.27497142857143
851;3843;48.9;15.30726
852;3844;48.9333;15.343833333333334
853;3851;48.9167;15.240066666666666
854;3852;48.9;15.213744444444444
855;3860;48.8833;15.116672727272729
856;3861;48.9083;15.160733333333331
857;3862;48.9;15.103475
858;3863;48.9833;15.138866666666669
859;3871;48.9101;15.015875
860;3872;48.8333;15.0611
861;3873;48.8833;15.025
862;3874;48.9667;15.057070588235296
863;3900;48.7667;15.26255
864;3902;48.75;15.185022222222225
865;3903;48.7167;15.207116666666666
866;3910;48.5833;15.164296875
867;3911;48.5167;15.081264285714283
868;3912;48.4667;15.1562375
869;3913;48.5167;15.185766666666666
870;3914;48.5167;15.231971428571429
871;3920;48.5712;14.959940909090909
872;3921;48.6;14.896794444444444
873;3922;48.65;14.948076923076922
874;3923;48.646;15.013616666666666
875;3924;48.5712;15.015816666666666
876;3925;48.4667;14.94282
877;3931;48.65;15.06105
878;3932;48.7076;15.105644444444444
879;3942;48.7333;15.1167
880;3943;48.7731;15.063775
881;3944;48.7667;15.105566666666666
882;3945;48.7667;15.0468
883;3950;48.7833;14.963122222222225
886;3961;48.7333;14.9751875
887;3962;48.7333;14.852783333333331
888;3970;48.6833;14.867078260869564
889;3971;48.6833;14.830718181818185
890;3972;48.6333;14.832681818181818
891;3973;48.5833;14.7988
900;4020;48.3064;14.262
907;4030;48.3064;14.2861
913;4040;48.3064;14.270133333333332
919;4048;48.3281;14.238400000000002
920;4050;48.1957;14.241739999999998
922;4052;48.2097;14.2747375
923;4053;48.2003;14.24487777777778
925;4055;48.1772;14.21138
928;4060;48.2797;14.24243
929;4061;48.2784;14.203
930;4062;48.2569;14.146572727272728
931;4063;48.2427;14.185769230769232
932;4064;48.2572;14.144491666666667
934;4070;48.2969;14.031093617021275
935;4072;48.2835;14.094935
936;4073;48.2973;14.179686666666669
937;4074;48.2969;14.005757894736842
938;4075;48.2639;14.0228
939;4076;48.2969;13.995033333333332
942;4081;48.4097;13.938697368421057
943;4082;48.402;13.983933333333333
944;4083;48.4241;13.907141025641026
945;4084;48.402;13.89899
946;4085;48.402;13.88909375
947;4090;48.5294;13.6462
948;4091;48.5417;13.63455
949;4092;48.5583;13.590404347826086
950;4100;48.3356;14.190885714285711
951;4101;48.3517;14.079808333333334
952;4102;48.3266;14.1173
953;4111;48.3521;14.145058333333331
954;4112;48.3857;14.127199999999998
955;4113;48.433;14.05648
956;4114;48.4176;14.029944444444444
957;4115;48.4014;14.038590909090908
958;4116;48.4889;14.06965
959;4120;48.5007;13.99173076923077
960;4121;48.4726;13.970834615384614
961;4122;48.5225;13.985776470588236
962;4131;48.4469;13.89566111111111
963;4132;48.4826;13.897466666666666
964;4133;48.4759;13.875211764705885
965;4134;48.4826;13.879057142857144
966;4141;48.5005;13.811807692307692
967;4142;48.5227;13.796728571428572
968;4143;48.5175;13.755635714285717
969;4144;48.5514;13.792145
970;4150;48.4837;13.934532352941176
971;4151;48.5821;13.921286363636364
972;4152;48.5775;13.898342857142858
973;4153;48.5821;13.900666666666666
974;4154;48.6014;13.8484
975;4155;48.634;13.8452
976;4160;48.6519;13.945155555555557
977;4161;48.675;13.916827777777778
978;4162;48.6501;13.870225
979;4163;48.6834;13.883375
980;4164;48.7019;13.82485
981;4170;48.499;14.078728205128204
982;4171;48.5023;14.089625
983;4172;48.4989;14.12335
984;4173;48.5;14.147666666666666
985;4174;48.4504;14.09538
986;4175;48.4333;14.125
987;4180;48.4669;14.231463636363635
988;4181;48.5027;14.2149125
989;4182;48.4931;14.189655555555555
990;4183;48.5238;14.206600000000002
991;4184;48.5027;14.172132142857144
992;4190;48.5355;14.29655925925926
993;4191;48.5821;14.24674
994;4192;48.5167;14.337877777777775
995;4193;48.5355;14.364066666666668
996;4201;48.391;14.220235714285716
997;4202;48.4027;14.299528
998;4203;48.3959;14.328473913043478
999;4204;48.4833;14.325978260869563
1001;4209;48.3959;14.342948387096774
1002;4210;48.3796;14.43159
1003;4211;48.4139;14.424608695652177
1004;4212;48.3962;14.464206451612904
1006;4221;48.2851;14.413433333333332
1007;4222;48.2584;14.466611111111112
1008;4223;48.2979;14.47573
1009;4224;48.2979;14.471341379310346
1010;4225;48.2979;14.4421625
1012;4230;48.3549;14.55211304347826
1014;4232;48.396;14.51635
1015;4240;48.5085;14.455255555555556
1016;4242;48.4667;14.417238461538462
1017;4251;48.55;14.67210588235294
1018;4252;48.5424;14.786942857142858
1019;4261;48.5833;14.4705
1020;4262;48.6234;14.493281818181815
1021;4263;48.5877;14.55714285714286
1022;4264;48.5426;14.546766666666665
1023;4271;48.5222;14.651175
1024;4272;48.4601;14.713436842105262
1025;4273;48.4464;14.746970833333334
1026;4274;48.4601;14.721094444444445
1027;4280;48.3998;14.77286153846154
1028;4281;48.3602;14.761511111111112
1029;4282;48.35;14.73403125
1030;4283;48.3667;14.700391666666668
1031;4284;48.3833;14.681206666666666
1032;4291;48.4964;14.57365
1033;4292;48.411;14.5503375
1034;4293;48.4416;14.605747368421056
1035;4294;48.4342;14.646295454545454
1036;4300;48.1333;14.5074
1037;4303;48.2;14.54445
1038;4310;48.273;14.53572142857143
1039;4311;48.273;14.55828
1040;4312;48.2711;14.528628571428571
1041;4320;48.2448;14.656150000000002
1042;4322;48.2675;14.675155555555556
1043;4323;48.2952;14.692323076923078
1044;4324;48.2675;14.681755555555558
1045;4331;48.2167;14.63213076923077
1046;4332;48.2254;14.6114
1047;4341;48.209;14.7153
1048;4342;48.1952;14.72821052631579
1049;4343;48.209;14.71175
1050;4351;48.1986;14.7927125
1051;4352;48.2206;14.785626666666667
1052;4360;48.2403;14.838507142857145
1053;4362;48.2809;14.8233
1054;4363;48.3364;14.8292625
1055;4364;48.2809;14.813192857142855
1056;4371;48.2968;14.904022222222222
1057;4372;48.344;14.90625
1058;4381;48.233;14.902833333333334
1059;4382;48.2167;14.94355
1060;4391;48.2819;14.9452125
1061;4392;48.2707;14.9452
1062;4400;48.0427;14.409376923076923
1069;4407;48.0427;14.421716666666669
1072;4421;47.9923;14.32712
1073;4431;48.0921;14.492
1074;4432;48.1333;14.5
1075;4441;47.9942;14.494775
1076;4442;48.0;14.519371428571429
1077;4443;47.9942;14.538075
1078;4451;48.0427;14.4000375
1079;4452;47.9333;14.35
1080;4453;47.9333;14.35
1081;4460;47.9243;14.44335
1082;4461;47.95;14.445466666666666
1083;4462;47.8833;14.45835
1084;4463;47.8833;14.499511111111111
1085;4464;47.8167;14.6333
1086;4470;48.2066;14.457707142857144
1087;4481;48.223;14.419516666666668
1088;4482;48.2118;14.47175
1089;4483;48.1704;14.431936363636362
1090;4484;48.1395;14.452007142857145
1091;4490;48.1809;14.378066666666664
1092;4491;48.1633;14.337866666666663
1093;4492;48.1809;14.3732
1094;4493;48.1227;14.3639
1095;4501;48.1387;14.2276
1096;4502;48.1436;14.292007142857145
1097;4511;48.1585;14.196360000000002
1098;4521;48.0623;14.2975625
1099;4522;48.0434;14.299975
1100;4523;48.0333;14.339566666666665
1101;4531;48.088;14.210381818181816
1102;4532;48.0529;14.19598888888889
1103;4533;48.088;14.216483333333334
1104;4540;48.0529;14.1821
1105;4541;47.9923;14.196183333333332
1106;4542;47.9782;14.16237142857143
1107;4550;48.0529;14.111866666666666
1108;4551;47.999;14.081390909090908
1109;4552;47.9891;14.117828571428571
1110;4553;47.964;14.11284
1111;4554;47.999;14.1347
1112;4560;47.9056;14.1223
1113;4562;47.8926;14.0304
1114;4563;47.8936;14.1231
1115;4564;47.8314;14.1572
1116;4565;47.9281;14.082925
1117;4571;47.7833;14.151566666666668
1118;4572;47.7833;14.2018
1119;4573;47.7379;14.193042857142858
1120;4574;47.7134;14.2142
1121;4575;47.7351;14.265466666666669
1122;4580;47.7222;14.3501
1123;4581;47.7131;14.371766666666666
1124;4582;47.7149;14.3435
1125;4591;47.7195;14.292825
1126;4592;47.8967;14.2398
1127;4593;47.9333;14.2466
1128;4594;47.9612;14.28758
1129;4595;48.0061;14.261128571428571
1130;4596;47.9923;14.275075
1131;4600;48.1833;14.023788372093025
1140;4611;48.2192;14.042764
1141;4612;48.2581;14.024806666666668
1142;4613;48.2192;14.0569875
1143;4614;48.2056;14.086066666666667
1144;4615;48.2192;14.069566666666669
1145;4616;48.2192;14.1012375
1148;4621;48.0529;14.055355555555556
1149;4622;48.1388;14.100125
1150;4623;48.1388;13.95038653846154
1151;4624;48.1388;13.935284
1152;4625;48.1388;13.937671875
1153;4631;48.2132;13.914371999999998
1154;4632;48.1883;13.89689298245614
1155;4633;48.1794;13.870070588235292
1156;4641;47.9878;14.019528571428571
1157;4642;48.0667;14.05383
1158;4643;48.0167;14.021084615384616
1159;4644;47.9016;13.944083333333332
1160;4645;47.8969;13.9531
1161;4650;48.1077;13.911441176470587
1162;4651;48.0833;13.874899999999998
1163;4652;48.0489;13.94867741935484
1164;4653;48.0042;13.9690625
1165;4654;48.0667;13.9011
1166;4655;48.0489;13.925241379310345
1167;4656;47.9333;13.915431818181816
1170;4661;48.0243;13.844361538461538
1171;4662;47.9819;13.8217
1172;4663;47.9819;13.8217
1173;4664;48.0127;13.836925
1174;4671;48.1449;13.763475
1175;4672;48.16;13.762736363636362
1176;4673;48.1275;13.747484210526316
1177;4674;48.1449;13.741223076923076
1178;4675;48.1449;13.7399
1179;4676;48.1744;13.749514285714286
1180;4680;48.1827;13.6511
1181;4681;48.2;13.657166666666663
1182;4682;48.1579;13.649843333333331
1183;4690;48.0446;13.77416923076923
1184;4691;48.0719;13.78213
1185;4692;48.0446;13.770480952380954
1186;4693;48.0167;13.773015
1187;4694;48.0446;13.777582142857144
1188;4701;48.2267;13.90752
1189;4702;48.2144;13.921631578947366
1190;4707;48.2267;13.896405128205128
1191;4710;48.2333;13.80524347826087
1192;4712;48.2439;13.803575675675676
1193;4713;48.2439;13.796507692307692
1194;4714;48.2439;13.794887179487182
1195;4715;48.2473;13.78330681818182
1196;4716;48.2439;13.780866666666668
1197;4720;48.2681;13.73713088235294
1198;4721;48.3317;13.72438
1199;4722;48.373;13.745531325301206
1200;4723;48.4167;13.736221951219513
1201;4724;48.373;13.7521350877193
1202;4725;48.373;13.733947368421052
1203;4730;48.3187;13.871025862068963
1204;4731;48.3187;13.90287692307692
1205;4732;48.2959;13.879988888888889
1206;4733;48.3675;13.86745294117647
1207;4741;48.2325;13.625113636363636
1208;4742;48.222;13.615926829268291
1209;4743;48.2325;13.60958
1210;4751;48.2831;13.605279166666667
1211;4752;48.2831;13.601185714285716
1212;4753;48.2831;13.587772727272728
1213;4754;48.2679;13.568713333333331
1214;4755;48.3163;13.599136666666668
1215;4760;48.3714;13.655376470588235
1216;4761;48.3881;13.654244444444444
1217;4762;48.3699;13.6745
1218;4770;48.3427;13.541046296296296
1219;4771;48.3799;13.549344444444444
1220;4772;48.3177;13.527668421052631
1221;4773;48.3427;13.512946153846151
1222;4774;48.3744;13.488390476190474
1223;4775;48.4366;13.531397142857143
1224;4776;48.407;13.551488571428573
1225;4777;48.3799;13.512733333333337
1227;4780;48.4568;13.467616666666666
1228;4782;48.4027;13.480933333333333
1229;4783;48.5239;13.473708333333336
1230;4784;48.507;13.491665
1231;4785;48.5705;13.505366666666667
1232;4786;48.4685;13.479166666666666
1233;4791;48.45;13.5949
1234;4792;48.4652;13.597285714285714
1235;4793;48.4998;13.622411764705884
1236;4794;48.4652;13.635811111111112
1237;4800;47.893;13.738
1238;4801;47.8764;13.76415
1239;4802;47.893;13.752663636363636
1240;4810;47.918;13.789457142857144
1241;4812;47.916;13.770111111111111
1242;4813;47.875;13.747066666666669
1243;4814;47.8764;13.716225
1245;4816;47.9351;13.82565
1246;4817;47.916;13.853466666666668
1247;4820;47.7062;13.62251111111111
1248;4821;47.6956;13.614333333333336
1249;4822;47.6;13.6305
1250;4823;47.5907;13.6534
1251;4824;47.5842;13.5345
1252;4825;47.5842;13.5345
1254;4830;47.5536;13.645066666666668
1255;4831;47.55;13.6849
1257;4840;48.0333;13.643142105263156
1258;4841;48.0321;13.636956410256412
1259;4842;48.0667;13.6337
1260;4843;48.0321;13.623783333333334
1261;4844;47.987;13.645670588235294
1262;4845;48.0321;13.654184210526315
1263;4846;48.0321;13.638500000000002
1265;4849;48.0333;13.5667
1266;4850;47.9402;13.582388888888888
1267;4851;47.9875;13.568288
1268;4852;47.9402;13.576625
1269;4853;47.85;13.5703
1270;4854;47.9402;13.5605
1271;4860;47.9616;13.572111764705882
1272;4861;47.9127;13.58211818181818
1274;4863;47.9625;13.560615789473683
1275;4864;47.9127;13.542622222222224
1276;4865;47.844;13.53001
1277;4866;47.8167;13.521416666666669
1278;4870;48.0497;13.491523636363636
1279;4871;48.0333;13.493372
1280;4872;48.0497;13.49835294117647
1281;4873;48.0551;13.491057575757576
1284;4880;47.9152;13.473439285714289
1285;4881;47.9194;13.459783333333334
1286;4882;47.9152;13.4585
1287;4890;47.9833;13.379981818181818
1288;4891;47.9725;13.367151724137932
1289;4892;48.0103;13.382496551724138
1290;4893;47.9333;13.362390476190477
1291;4894;47.9333;13.360275
1292;4901;48.1164;13.625894871794872
1293;4902;48.1164;13.637604761904765
1294;4903;48.1164;13.62883125
1295;4904;48.0803;13.643585714285717
1297;4906;48.1333;13.60985
1298;4910;48.2112;13.48635
1299;4911;48.2427;13.48846111111111
1300;4912;48.1907;13.485063157894738
1301;4920;48.1456;13.47535652173913
1302;4921;48.1555;13.493561538461538
1303;4922;48.2005;13.5217125
1304;4923;48.1555;13.45614
1305;4924;48.1;13.465464516129032
1306;4925;48.1352;13.48405
1307;4926;48.1917;13.50022
1308;4931;48.1697;13.351675
1309;4932;48.1697;13.359392307692309
1310;4933;48.1697;13.350706666666666
1311;4941;48.2305;13.398656521739133
1312;4942;48.2414;13.372654545454544
1313;4943;48.2237;13.35905625
1314;4950;48.2167;13.215525
1315;4951;48.2209;13.241277777777778
1316;4952;48.2335;13.194595238095236
1317;4961;48.2695;13.167179999999998
1318;4962;48.2695;13.159014285714289
1319;4963;48.2613;13.13105
1320;4970;48.2405;13.436510000000002
1321;4971;48.2952;13.4410375
1322;4972;48.2591;13.443129166666669
1323;4973;48.2581;13.43258
1324;4974;48.3171;13.440807142857144
1325;4975;48.4118;13.43914
1326;4980;48.3141;13.3975875
1327;4981;48.3362;13.371116666666666
1328;4982;48.3141;13.346646666666668
1329;4983;48.2964;13.355083333333331
1330;4984;48.3141;13.362864285714286
1341;5020;47.7994;13.044
1344;5023;47.7994;13.067333333333332
1347;5026;47.7994;13.044
1354;5061;47.7994;13.09211
1355;5071;47.7994;12.979816666666666
1358;5081;47.7994;13.047
1359;5082;47.7994;13.02815
1360;5083;47.7485;13.036866666666668
1361;5084;47.7167;12.9167
1363;5090;47.5888;12.705071428571427
1364;5091;47.6667;12.70586
1365;5092;47.5888;12.702125
1366;5093;47.5167;12.73838
1367;5101;47.85;13.02958
1368;5102;47.8708;13.023784615384615
1369;5110;47.95;12.935633333333334
1370;5111;47.9834;12.9179
1371;5112;47.9967;12.960409523809522
1372;5113;47.9908;12.92785625
1373;5114;47.95;12.95832857142857
1374;5120;48.0872;12.856405
1375;5121;48.0873;12.83192391304348
1376;5122;48.0872;12.840166666666669
1378;5131;48.0695;12.942815384615384
1379;5132;48.1428;12.944726315789472
1380;5133;48.1428;12.942733333333331
1381;5134;48.1636;12.950734375
1382;5141;48.1102;13.00902
1383;5142;48.1;13.011272413793105
1384;5143;48.0485;13.020242105263158
1385;5144;48.1315;13.013611764705884
1386;5145;48.1982;13.019636734693876
1387;5151;47.9306;12.99491304347826
1388;5152;47.96;13.007083333333334
1389;5161;47.8667;13.0667
1390;5162;47.9553;13.049671428571427
1391;5163;48.0154;13.082733333333332
1392;5164;47.95;13.075
1393;5165;47.9663;13.0602
1394;5166;47.9663;13.073946666666666
1395;5201;47.9;13.15591052631579
1396;5202;47.9382;13.218276923076925
1397;5203;47.95;13.193036363636365
1398;5204;47.9382;13.233836666666669
1399;5205;47.95;13.15
1400;5211;48.0167;13.254852
1401;5212;48.0135;13.2802
1402;5221;48.0;13.160066666666664
1403;5222;48.0362;13.166756
1404;5223;48.0575;13.15305
1405;5224;48.0362;13.148536363636364
1406;5225;48.0563;13.157655555555555
1407;5230;48.1073;13.1508
1408;5231;48.1202;13.120854166666666
1409;5232;48.1023;13.107484615384616
1410;5233;48.1219;13.097248484848484
1411;5241;48.1295;13.224217391304348
1412;5242;48.1313;13.246980952380952
1413;5251;48.1648;13.268364705882352
1414;5252;48.1667;13.277770588235294
1415;5261;48.1617;13.13338695652174
1416;5270;48.1917;13.165831578947367
1417;5271;48.198;13.17226923076923
1418;5272;48.205;13.189273684210526
1419;5273;48.198;13.1997
1420;5274;48.2044;13.1725
1421;5280;48.2411;13.037295
1422;5282;48.2452;13.03547
1424;5300;47.8442;13.1036
1425;5301;47.8557;13.14909
1426;5302;47.8667;13.175
1427;5303;47.8557;13.202275
1428;5310;47.8333;13.34763
1429;5311;47.8333;13.368266666666663
1430;5321;47.7803;13.17715
1431;5322;47.8193;13.2149
1432;5323;47.717;13.187516666666667
1433;5324;47.7667;13.22477
1434;5325;47.8333;13.1833
1435;5330;47.8;13.3
1436;5340;47.7667;13.370825
1437;5342;47.7556;13.4083
1438;5350;47.7167;13.49418
1439;5351;47.7075;13.547720000000002
1440;5360;47.7336;13.536400000000002
1441;5400;47.6908;13.09460909090909
1442;5411;47.7;13.1192
1443;5412;47.7218;13.110075
1444;5421;47.6833;13.14205
1445;5422;47.6902;13.1523
1446;5423;47.6902;13.152300000000002
1447;5424;47.6902;13.154239999999998
1448;5425;47.7167;13.1678
1449;5431;47.6233;13.14037777777778
1450;5440;47.6;13.21284
1451;5441;47.588;13.334422727272727
1452;5442;47.5921;13.41046
1453;5450;47.4833;13.183325
1454;5451;47.5;13.1667
1455;5452;47.4696;13.210872727272728
1456;5453;47.4667;13.25
1457;5500;47.4;13.216666666666663
1459;5505;47.3667;13.125
1460;5511;47.4167;13.31002
1461;5521;47.4;13.3167
1462;5522;47.465;13.37225
1463;5523;47.4739;13.371
1464;5524;47.4739;13.38163
1465;5531;47.4278;13.444466666666663
1466;5532;47.45;13.5
1467;5541;47.3833;13.402233333333331
1468;5542;47.3667;13.389525
1469;5550;47.3833;13.46532
1470;5552;47.3667;13.5333
1471;5561;47.3;13.5
1472;5562;47.2496;13.57885
1473;5563;47.1833;13.6
1474;5570;47.15;13.703925
1475;5571;47.1667;13.75
1476;5572;47.15;13.7833
1477;5573;47.1513;13.7416
1478;5574;47.1833;13.75
1479;5575;47.1513;13.77915
1480;5580;47.1375;13.823925
1481;5581;47.0833;13.6833
1482;5582;47.1;13.627766666666666
1483;5583;47.1161;13.665233333333331
1484;5584;47.15;13.6156
1485;5585;47.1127;13.7426
1486;5591;47.0691;13.844166666666666
1487;5592;47.0667;13.7853
1488;5600;47.35;13.22379
1489;5602;47.3177;13.289042857142858
1490;5603;47.2772;13.3195
1491;5611;47.2667;13.207299999999998
1492;5612;47.15;13.266666666666666
1493;5620;47.3205;13.1517
1494;5621;47.3333;13.11665
1495;5622;47.3167;13.088416666666667
1497;5630;47.2;13.10909
1498;5632;47.2131;13.098433333333332
1499;5640;47.1155;13.1347
1501;5645;47.1155;13.1347
1502;5651;47.3067;13.02345
1503;5652;47.3667;13.0
1504;5660;47.2833;12.955215384615384
1505;5661;47.2466;12.970475
1506;5662;47.2833;12.9472
1507;5671;47.2849;12.8259
1508;5672;47.2845;12.8259
1509;5700;47.3295;12.7985
1512;5710;47.2724;12.7598
1513;5721;47.2972;12.71545
1514;5722;47.284;12.620971428571428
1515;5723;47.2833;12.58757
1516;5724;47.2833;12.52668
1517;5730;47.2833;12.45416
1518;5731;47.2667;12.424077777777777
1519;5732;47.2833;12.3778
1520;5733;47.25;12.3437625
1521;5741;47.2505;12.2586
1522;5742;47.2421;12.211183333333333
1523;5743;47.2368;12.158933333333332
1524;5751;47.3575;12.800000000000002
1525;5752;47.3667;12.7333
1526;5753;47.3914;12.6364
1527;5754;47.3768;12.5958
1528;5760;47.4076;12.84544
1529;5761;47.3833;12.8938
1530;5771;47.45;12.73938125
1538;6020;47.25;11.401758333333332
1552;6060;47.2833;11.492266666666666
1553;6063;47.3;11.45835
1555;6065;47.3;11.4667
1557;6067;47.3;11.5
1558;6068;47.2833;11.5333
1559;6069;47.3167;11.5667
1560;6070;47.2667;11.45
1561;6071;47.25;11.45
1562;6072;47.2383;11.4314
1563;6073;47.25;11.45
1564;6074;47.25;11.5
1565;6075;47.25;11.5334
1566;6080;47.2333;11.40835
1567;6082;47.2;11.4167
1568;6083;47.1667;11.45
1569;6091;47.2341;11.34245
1570;6092;47.2354;11.2992
1571;6094;47.2311;11.28345
1572;6095;47.2293;11.2532
1573;6100;47.3689;11.16388
1574;6103;47.3;11.2
1575;6105;47.3689;11.144
1576;6108;47.389;11.2645
1577;6111;47.2667;11.561133333333336
1578;6112;47.2833;11.6
1579;6113;47.2833;11.6
1580;6114;47.3;11.6333
1581;6115;47.2815;11.6529
1582;6116;47.2831;11.5957
1583;6121;47.3;11.5667
1584;6122;47.3;11.5833
1585;6123;47.3333;11.634242857142857
1586;6130;47.3517;11.7101
1588;6133;47.3455;11.6922
1589;6134;47.3333;11.679175
1590;6135;47.3667;11.71365
1591;6136;47.3167;11.6833
1592;6141;47.1833;11.4167
1593;6142;47.1667;11.3833
1594;6143;47.1333;11.45242
1595;6145;47.1333;11.505566666666668
1596;6150;47.05;11.441683333333332
1597;6152;47.0833;11.4167
1598;6154;47.0833;11.526233333333332
1599;6156;47.05;11.4833
1600;6157;47.0167;11.4167
1601;6161;47.2341;11.3734
1602;6162;47.2;11.3833
1603;6165;47.1667;11.3594
1604;6166;47.1774;11.3516
1605;6167;47.1167;11.3298
1606;6170;47.2833;11.1833
1607;6173;47.2333;11.25
1608;6175;47.25;11.28335
1609;6176;47.25;11.31665
1611;6178;47.2667;11.25
1612;6179;47.2604;11.2583
1613;6181;47.2167;11.2167
1614;6182;47.276;11.0697
1615;6183;47.2135;11.0231
1616;6184;47.2254;11.0948
1617;6200;47.3825;11.7764
1619;6210;47.4021;11.7974625
1620;6212;47.4212;11.7531
1621;6213;47.4406;11.6949
1622;6215;47.5266;11.66048
1623;6220;47.3745;11.754
1624;6222;47.3681;11.7716
1625;6230;47.4294;11.900366666666663
1626;6232;47.4216;11.8336
1627;6233;47.4479;11.87775
1628;6234;47.5167;11.88895
1629;6235;47.4141;11.889033333333336
1630;6236;47.3988;11.9168
1631;6240;47.4394;11.8941
1632;6241;47.4481;11.9142
1633;6250;47.4471;11.983633333333332
1634;6252;47.4783;11.9831
1635;6260;47.4169;11.86485
1636;6261;47.3956;11.8265
1637;6262;47.3667;11.8333
1638;6263;47.3667;11.84654
1639;6264;47.3167;11.8292
1640;6265;47.3333;11.866066666666669
1641;6271;47.2749;11.872166666666669
1642;6272;47.2833;11.875
1643;6273;47.3;11.8667
1644;6274;47.2645;11.9068
1645;6275;47.2833;11.8833
1646;6276;47.2833;11.8999
1647;6277;47.2333;11.86665
1648;6278;47.2179;11.9003
1649;6280;47.2167;11.9111
1650;6281;47.2167;12.0
1651;6283;47.2167;11.864925
1652;6284;47.2038;11.8754
1653;6290;47.1975;11.86475
1654;6292;47.1975;11.84615
1655;6293;47.15;11.84485
1656;6294;47.1681;11.8564
1657;6295;47.1681;11.86155
1658;6300;47.4891;12.0617
1659;6305;47.4667;12.1333
1660;6306;47.5038;12.1922
1661;6311;47.4167;12.021833333333332
1662;6313;47.4;12.0411
1663;6314;47.4499;12.0953
1664;6320;47.5129;12.044366666666669
1665;6321;47.5;12.0667
1666;6322;47.5174;12.0963
1667;6323;47.5107;12.1191
1668;6324;47.5333;12.05
1669;6330;47.5878;12.175527272727273
1673;6334;47.546;12.1405
1674;6335;47.5833;12.060316666666669
1675;6336;47.5333;12.1032
1676;6341;47.6416;12.230825
1677;6342;47.65;12.2167
1678;6343;47.6667;12.19443333333333
1679;6344;47.6333;12.302975
1680;6345;47.6699;12.4055
1681;6346;47.6518;12.2368
1682;6347;47.6572;12.2687
1683;6351;47.5038;12.2218
1684;6352;47.5138;12.2994
1685;6353;47.5167;12.33522
1686;6361;47.422;12.142171428571428
1688;6363;47.4321;12.2141
1689;6364;47.45;12.25
1690;6365;47.4667;12.333
1691;6370;47.4464;12.37105
1692;6371;47.4481;12.3859
1693;6372;47.5;12.3833
1694;6373;47.3792;12.4181
1695;6380;47.5233;12.4232
1696;6382;47.5563;12.4559
1697;6383;47.5833;12.4559
1698;6384;47.5833;12.5667
1699;6385;47.6333;12.3833
1700;6391;47.4833;12.55
1701;6392;47.475;12.5833
1702;6393;47.475;12.5833
1703;6395;47.4667;12.6167
1704;6401;47.2722;11.193533333333331
1705;6402;47.2833;11.1601
1706;6403;47.2833;11.1167
1707;6404;47.2833;11.145
1708;6405;47.3;11.0833
1709;6406;47.3;11.0833
1710;6408;47.3;11.1333
1711;6410;47.3167;11.087618181818184
1713;6413;47.3167;11.0167
1714;6414;47.3;10.975
1715;6416;47.3;10.9333
1716;6421;47.2833;11.05
1717;6422;47.276;10.9832
1718;6423;47.2833;10.95
1719;6424;47.2667;10.9333
1720;6425;47.25;10.878933333333334
1721;6426;47.2167;10.8167
1722;6430;47.2333;10.86665
1723;6432;47.2;10.8667
1724;6433;47.2;10.905566666666669
1725;6441;47.1333;10.927783333333332
1726;6444;47.074;10.9695
1727;6450;46.9381;11.009475
1728;6452;46.9667;11.0
1729;6456;46.8776;11.0172
1730;6458;46.8667;10.96665
1731;6460;47.245;10.7397
1732;6462;47.2167;10.7833
1733;6463;47.2686;10.7813
1734;6464;47.2667;10.77888
1735;6465;47.3167;10.8333
1736;6471;47.2;10.750014285714286
1737;6473;47.1796;10.694433333333334
1738;6474;47.1796;10.7333
1739;6481;47.1167;10.834
1740;6491;47.1967;10.6574
1741;6492;47.2052;10.696
1742;6493;47.2062;10.6748
1743;6500;47.1167;10.562525
1746;6511;47.1717;10.6079
1747;6521;47.1167;10.6167
1748;6522;47.0833;10.6667
1749;6524;47.0867;10.66
1750;6525;47.1;10.6667
1751;6526;47.0833;10.6833
1752;6527;47.0867;10.66
1753;6528;47.05;10.6667
1754;6531;47.05;10.65
1755;6532;47.0667;10.6333
1756;6533;47.05;10.6167
1757;6534;47.0333;10.6
1758;6541;47.0333;10.60835
1759;6542;47.0333;10.555566666666666
1760;6543;46.8833;10.5167
1761;6544;46.9694;10.5667
1762;6551;47.1349;10.5062
1763;6552;47.1167;10.5167
1764;6553;47.0833;10.455566666666666
1765;6555;47.0833;10.4389
1766;6561;47.0126;10.2918
1767;6562;46.9833;10.25
1768;6563;46.9667;10.1833
1769;6571;47.1333;10.45
1770;6572;47.15;10.4
1771;6574;47.15;10.3972
1772;6580;47.15;10.2735
1773;6591;47.1403;10.50705
1774;6600;47.4667;10.70239
1775;6604;47.4667;10.6833
1776;6610;47.4866;10.6878
1777;6611;47.45;10.75
1778;6621;47.4189;10.80106
1779;6622;47.4081;10.7378
1780;6623;47.3667;10.675
1781;6631;47.4036;10.860233333333332
1782;6632;47.4;10.9167
1783;6633;47.3833;10.9
1784;6642;47.3833;10.5667
1785;6644;47.3333;10.5333
1786;6645;47.3667;10.5333
1787;6646;47.3381;10.5548
1788;6647;47.3167;10.59165
1789;6650;47.2667;10.5333
1790;6651;47.3167;10.48195
1791;6652;47.3;10.41664
1792;6653;47.2606;10.391325
1793;6654;47.2604;10.3679
1794;6655;47.2704;10.3117
1795;6670;47.4167;10.5833
1796;6671;47.499;10.5276
1797;6672;47.4937;10.608975
1798;6673;47.5167;10.55
1799;6675;47.4993;10.5164
1800;6677;47.5192;10.461985714285715
1801;6682;47.55;10.6333
1802;6691;47.5741;10.4472
1803;6700;47.1548;9.840833333333334
1805;6706;47.1497;9.8
1806;6707;47.1464;9.7774
1807;6708;47.1008;9.7372
1808;6710;47.192;9.6974
1809;6712;47.2;9.7667
1810;6713;47.2006;9.7947
1811;6714;47.1667;9.8
1812;6719;47.2;9.7331
1813;6721;47.2167;9.7831
1814;6722;47.22;9.8086
1815;6723;47.2233;9.8341
1816;6731;47.2321;9.903275
1817;6733;47.2555;9.907514285714283
1818;6741;47.2207;9.853375
1819;6751;47.15;9.9087
1820;6752;47.1333;10.01215
1821;6754;47.1333;10.0833
1822;6762;47.1333;10.1667
1823;6763;47.208;10.1418
1824;6764;47.208;10.0664
1825;6767;47.2667;10.173166666666669
1826;6771;47.0895;9.8826
1827;6773;47.0957;9.8652
1828;6774;47.0833;9.9
1829;6780;47.0611;9.9378
1830;6781;47.0611;9.929266666666663
1831;6782;47.0937;9.9831
1832;6787;46.9674;9.9183
1833;6791;47.0109;10.0131
1834;6793;46.9833;10.0333
1835;6794;46.9667;10.05
1836;6800;47.2331;9.6
1844;6811;47.2336;9.6346
1845;6812;47.2989;9.5786
1846;6820;47.1939;9.638233333333332
1847;6822;47.2167;9.713083333333334
1848;6824;47.2;9.7
1849;6830;47.2667;9.67155
1850;6832;47.2872;9.6533
1851;6833;47.315;9.66035
1852;6834;47.2528;9.66875
1853;6835;47.2843;9.668225
1854;6836;47.2997;9.6667
1855;6837;47.2997;9.65
1856;6840;47.3331;9.6331
1857;6841;47.35;9.6167
1858;6842;47.3331;9.6
1859;6844;47.35;9.65
1860;6845;47.3667;9.6831
1861;6850;47.4141;9.79675
1868;6858;47.4258;9.77365
1869;6861;47.4502;9.8315
1870;6863;47.4315;9.90645
1871;6866;47.4117;9.8933
1872;6867;47.4141;9.8515
1873;6870;47.3848;9.8981
1874;6874;47.3848;9.9149
1875;6881;47.3505;9.8992
1876;6882;47.3521;9.93105
1877;6883;47.3218;9.9891
1878;6884;47.2803;9.8916
1879;6886;47.312;10.0165
1880;6888;47.2576;10.092
1881;6890;47.4264;9.6585
1883;6900;47.5333;9.770125
1889;6911;47.5333;9.760133333333334
1890;6912;47.5667;9.78335
1891;6914;47.5833;9.7833
1892;6921;47.4831;9.7667
1893;6922;47.4667;9.75
1894;6923;47.4831;9.7331
1895;6932;47.5143;9.8877
1896;6933;47.4928;9.8797
1897;6934;47.5333;9.89165
1898;6941;47.4667;9.8833
1899;6942;47.4578;9.9477
1900;6943;47.5;9.9667
1901;6951;47.45;9.9
1902;6952;47.4267;9.9887
1904;6960;47.4836;9.8449
1906;6971;47.4831;9.6831
1907;6972;47.4793;9.6628
1908;6973;47.4793;9.65165
1909;6974;47.4667;9.6
1910;6991;47.3505;10.1823
1911;6992;47.3481;10.1714
1912;6993;47.3237;10.1546
1913;7000;47.8415;16.5258
1916;7011;47.781;16.5423
1917;7012;47.7647;16.5138
1918;7013;47.7728;16.5281
1919;7020;47.6966;16.4792
1920;7021;47.7389;16.493699999999997
1921;7022;47.7097;16.5098
1922;7023;47.7679;16.450266666666668
1923;7024;47.7865;16.4546
1925;7031;47.7855;16.4149
1926;7032;47.7753;16.395
1927;7033;47.7997;16.38525
1928;7034;47.7997;16.3994
1929;7035;47.7997;16.40805
1930;7041;47.7975;16.5045
1931;7042;47.7738;16.4798
1932;7051;47.8359;16.4804
1933;7052;47.8394;16.4626
1934;7053;47.8805;16.4445
1935;7061;47.8219;16.6317
1936;7062;47.8034;16.6088
1937;7063;47.8333;16.6667
1938;7064;47.8291;16.6196
1939;7071;47.8012;16.6716
1940;7072;47.75;16.6667
1942;7081;47.8523;16.6233
1943;7082;47.8942;16.6463
1944;7083;47.9129;16.6956
1945;7091;47.9445;16.7315
1946;7092;47.95;16.75
1947;7093;47.9617;16.796
1948;7100;47.9253;16.85535
1949;7111;47.9996;16.8605
1950;7121;47.9253;16.869
1951;7122;47.8969;16.9111
1952;7123;47.8802;16.9413
1953;7131;47.8702;16.9754
1954;7132;47.8368;16.878
1955;7141;47.8541;16.8371
1956;7142;47.7615;16.8002
1957;7143;47.7439;16.8302
1958;7151;47.7285;16.9371
1959;7152;47.7009;16.92245
1960;7161;47.7841;16.88605
1961;7162;47.7667;16.9833
1962;7163;47.7744;17.0329
1963;7201;47.7966;16.2977
1964;7202;47.7378;16.330199999999998
1965;7203;47.7378;16.338
1966;7210;47.7333;16.4
1967;7212;47.7116;16.29765
1968;7221;47.7167;16.4167
1969;7222;47.7052;16.4301
1970;7223;47.6513;16.3799
1971;7301;47.6;16.619999999999997
1972;7302;47.5362;16.65235
1973;7304;47.4933;16.55548
1974;7311;47.5979;16.559800000000003
1975;7312;47.5873;16.564500000000002
1976;7321;47.5712;16.511133333333333
1977;7322;47.5904;16.4653
1978;7323;47.6132;16.4955
1979;7331;47.6077;16.409533333333332
1980;7332;47.6155;16.3841
1981;7341;47.562;16.3838
1982;7342;47.5374;16.392
1983;7343;47.5455;16.4462
1984;7344;47.5284;16.4776
1985;7350;47.5284;16.499433333333332
1986;7361;47.4914;16.616475
1987;7371;47.4929;16.3623
1988;7372;47.5089;16.373199999999997
1989;7373;47.4483;16.4152
1990;7374;47.5139;16.3637
1991;7400;47.3514;16.22478
1992;7410;47.3333;16.075000000000003
1993;7411;47.3167;16.09165
1994;7412;47.25;16.1
1996;7421;47.3836;16.111
1997;7422;47.35;16.1333
1998;7423;47.3833;16.108780000000003
2001;7431;47.3823;16.2274
2002;7432;47.3667;16.19765
2003;7433;47.35;16.24296
2004;7434;47.4;16.256633333333333
2005;7435;47.35;16.32
2006;7441;47.475;16.330485714285714
2007;7442;47.3757;16.40292
2008;7443;47.4078;16.49625
2009;7444;47.4281;16.540766666666666
2010;7451;47.4474;16.5076
2011;7452;47.4667;16.566066666666668
2012;7453;47.4833;16.48545
2013;7461;47.3167;16.306977777777778
2014;7463;47.3126;16.3428
2015;7464;47.3142;16.386200000000002
2016;7471;47.3047;16.441
2017;7472;47.2667;16.4241
2018;7473;47.2;16.3886
2019;7474;47.2167;16.4221
2020;7501;47.2485;16.2659
2022;7503;47.2333;16.3091125
2024;7511;47.1833;16.30225
2025;7512;47.2;16.363625
2026;7521;47.1076;16.45915
2027;7522;47.0139;16.42149
2028;7531;47.2333;16.15
2029;7532;47.2;16.15
2030;7533;47.1833;16.1667
2031;7534;47.1333;16.21665
2032;7535;47.1078;16.252275
2033;7536;47.1667;16.3
2034;7537;47.1591;16.2209
2035;7540;47.0677;16.325869230769232
2036;7542;47.0748;16.264633333333332
2037;7543;47.1;16.190075
2038;7544;47.0974;16.3005
2042;7551;47.1667;16.170849999999998
2043;7552;47.2;16.1167
2045;7561;46.9892;16.2429
2046;7562;47.0;16.2
2047;7563;47.0;16.1667
2048;7564;47.0167;16.125
2049;7571;47.05;16.1167
2050;7572;47.1244;16.1115
2056;8010;47.0833;15.5417
2066;8020;47.0232;15.5337
2076;8036;47.0232;15.5337
2078;8041;47.1352;15.460100000000002
2079;8042;47.1352;15.4601
2080;8043;47.1352;15.460100000000002
2081;8044;47.1352;15.48839
2082;8045;47.1352;15.452871428571427
2083;8046;47.1352;15.422508333333331
2084;8047;47.1352;15.4965
2086;8051;47.031;15.370259999999998
2087;8052;47.031;15.357175
2088;8053;47.031;15.3727
2089;8054;47.031;15.38365
2090;8055;47.031;15.379525
2093;8061;47.1513;15.5027
2094;8062;47.1667;15.53055
2095;8063;47.1513;15.562815384615384
2096;8071;47.0;15.51405
2097;8072;46.9667;15.49692857142857
2098;8073;46.9888;15.442477777777778
2099;8074;46.9888;15.4836
2100;8075;47.0431;15.49555
2101;8076;46.9888;15.4758
2102;8077;46.9833;15.472233333333334
2103;8081;46.9335;15.622584210526314
2104;8082;46.9335;15.660675
2105;8083;46.8833;15.687880000000002
2106;8091;46.8207;15.73562
2107;8092;46.7833;15.7076
2108;8093;46.7767;15.747233333333334
2109;8101;47.1769;15.36024
2110;8102;47.2;15.37399
2111;8103;47.1769;15.29692
2112;8111;47.1167;15.310557142857144
2113;8112;47.1167;15.290083333333332
2114;8113;47.0333;15.26367857142857
2115;8114;47.1833;15.299772727272728
2116;8120;47.2;15.35
2117;8121;47.1833;15.30666
2118;8122;47.219;15.26445
2119;8124;47.2333;15.23526
2120;8130;47.2975;15.313195833333332
2121;8131;47.2975;15.35462
2122;8132;47.3833;15.337700000000002
2123;8141;46.95;15.408685714285712
2124;8142;46.9333;15.4372625
2125;8143;46.9;15.379375
2126;8144;46.9833;15.377984615384616
2127;8151;47.0667;15.288271428571427
2128;8152;47.0167;15.22177857142857
2129;8153;47.0603;15.1563
2130;8160;47.2395;15.589168421052634
2131;8162;47.2667;15.5444
2132;8163;47.2667;15.494166666666665
2133;8171;47.2975;15.57515
2134;8172;47.3123;15.5752
2135;8181;47.1667;15.6596
2136;8182;47.2;15.71725
2137;8183;47.2333;15.72976
2138;8184;47.2636;15.691844444444447
2139;8190;47.375;15.72455
2140;8191;47.396;15.7226
2141;8192;47.3833;15.716675
2144;8200;47.0833;15.7091
2146;8211;47.1604;15.763107692307692
2147;8212;47.2167;15.783046666666667
2149;8221;47.1833;15.848375
2150;8222;47.2167;15.825785714285717
2151;8223;47.2636;15.812833333333336
2152;8224;47.2186;15.862333333333334
2153;8225;47.3;15.8474375
2155;8230;47.2667;15.978155
2156;8232;47.3167;15.986036363636362
2157;8233;47.3072;15.993966666666664
2158;8234;47.3833;15.984775
2159;8240;47.3667;16.0579375
2160;8241;47.4312;16.026933333333332
2161;8242;47.4395;16.01164
2162;8243;47.4333;16.05619
2163;8244;47.4395;16.07071
2164;8250;47.4452;15.81166
2165;8251;47.4452;15.8037
2166;8252;47.4452;15.8037
2167;8253;47.4452;15.8169
2168;8254;47.4333;15.79408
2169;8255;47.4856;15.76955
2170;8261;47.1167;15.828246666666669
2171;8262;47.1;15.90366842105263
2172;8263;47.0667;15.92174
2173;8264;47.108;15.90176
2174;8265;47.1272;15.885122222222224
2175;8271;47.1667;16.001844444444444
2176;8272;47.2273;15.977045454545454
2177;8273;47.2167;15.9604
2178;8274;47.2357;16.009163636363635
2179;8280;47.0775;16.0711
2180;8282;46.982;16.10554
2181;8283;47.1167;16.0462375
2182;8291;47.1477;16.109949999999998
2183;8292;47.2;16.100450000000002
2184;8293;47.2167;16.0828
2185;8294;47.2516;16.032580000000003
2186;8295;47.3;16.033
2187;8301;47.0568;15.562971428571428
2188;8302;47.0833;15.585754545454543
2189;8311;47.043;15.829345454545454
2190;8312;47.0333;15.8822375
2191;8313;47.043;15.896133333333331
2192;8321;47.0833;15.737472727272728
2193;8322;47.0158;15.74211
2194;8323;47.0096;15.734553846153847
2195;8324;47.0096;15.756463636363636
2196;8330;46.9167;15.870522222222222
2198;8332;46.995;15.857677777777775
2199;8333;47.0333;15.89165625
2200;8334;46.995;15.8748
2202;8341;46.95;15.80750625
2203;8342;46.8731;15.83125
2204;8343;46.8795;15.8358
2205;8344;46.8795;15.856826666666668
2206;8345;46.8;15.848823809523813
2207;8350;46.9292;16.0113375
2208;8352;46.9894;16.0472
2209;8353;46.9;15.978383333333332
2210;8354;46.8333;15.9774
2211;8355;46.8765;15.95025
2212;8361;46.9894;16.0209875
2213;8362;47.0159;16.01439285714286
2215;8380;46.9269;16.14818
2216;8382;46.9719;16.21252857142857
2217;8383;46.9244;16.115466666666666
2218;8384;46.8647;16.0939
2219;8385;46.8444;16.03995
2220;8401;46.95;15.44718
2221;8402;46.9242;15.4908
2222;8403;46.8522;15.508021428571428
2224;8410;46.9333;15.526093333333334
2225;8411;46.8833;15.45748
2226;8412;46.877;15.55965
2227;8413;46.85;15.569845454545456
2228;8421;46.8358;15.66352
2229;8422;46.8089;15.662380000000002
2230;8423;46.75;15.642618181818182
2231;8424;46.7919;15.58745
2232;8430;46.7855;15.534475
2233;8431;46.7855;15.54
2236;8435;46.7855;15.554733333333331
2237;8441;46.7586;15.427914285714284
2238;8442;46.7655;15.428742857142856
2239;8443;46.7655;15.381428571428572
2240;8444;46.7655;15.39732
2241;8451;46.7833;15.44698125
2242;8452;46.7127;15.429241666666668
2243;8453;46.7167;15.391989999999998
2244;8454;46.6869;15.386136363636364
2245;8455;46.7127;15.36787142857143
2246;8461;46.745;15.563691666666664
2247;8462;46.7;15.51977
2248;8463;46.65;15.493241666666668
2249;8471;46.7056;15.64104285714286
2250;8472;46.745;15.62195
2251;8473;46.7114;15.7075
2252;8480;46.7468;15.85275
2253;8481;46.7468;15.8639
2255;8483;46.7667;15.849899999999998
2256;8484;46.7339;15.90435
2257;8490;46.6833;15.96785
2258;8492;46.7219;15.947014285714284
2259;8493;46.7647;15.967033333333331
2260;8501;46.9742;15.338966666666666
2261;8502;46.9611;15.366314285714283
2262;8503;46.9172;15.378881818181815
2263;8504;46.8586;15.402992857142856
2264;8505;46.8;15.442975
2266;8510;46.8833;15.252700000000004
2267;8511;46.9058;15.25657142857143
2268;8521;46.8333;15.381266666666669
2269;8522;46.8217;15.303971428571428
2270;8523;46.8;15.258571428571427
2271;8524;46.8167;15.28176875
2272;8530;46.8;15.24440588235294
2273;8541;46.7527;15.240726666666667
2274;8542;46.7667;15.257
2275;8543;46.7527;15.281446153846154
2276;8544;46.7333;15.28922
2277;8551;46.7203;15.2482
2278;8552;46.6814;15.245275
2279;8553;46.7157;15.2468
2280;8554;46.7157;15.2468
2282;8561;47.0167;15.2698
2283;8562;46.9511;15.27007
2284;8563;46.9974;15.211409090909092
2285;8564;47.0211;15.20756
2286;8565;47.0167;15.2381
2287;8570;47.0167;15.147975
2289;8572;47.0714;15.120266666666666
2290;8573;47.0792;15.0987375
2291;8580;47.0167;15.072853846153846
2293;8582;47.0833;15.1107
2294;8583;47.0167;15.035366666666668
2295;8584;47.0211;14.9557
2296;8591;47.0778;15.0488
2297;8592;47.0833;15.043725
2298;8593;47.0778;15.0479
2299;8600;47.4385;15.277847826086958
2301;8605;47.4518;15.287400000000002
2304;8611;47.45;15.172983333333333
2305;8612;47.4833;15.193
2306;8614;47.3689;15.4045
2308;8616;47.3833;15.579775
2309;8621;47.5333;15.242633333333332
2310;8622;47.5431;15.2725
2311;8623;47.5667;15.24666
2312;8624;47.5333;15.280625
2313;8625;47.5333;15.32784
2314;8630;47.8323;15.33016
2315;8632;47.7536;15.3244
2317;8634;47.7536;15.3244
2318;8635;47.7536;15.3244
2319;8636;47.6167;15.2667
2320;8641;47.4833;15.3586875
2321;8642;47.4729;15.35764
2322;8643;47.4711;15.3581
2323;8644;47.4711;15.3581
2324;8650;47.5;15.49515
2325;8652;47.4569;15.5102
2326;8653;47.4333;15.5271
2327;8654;47.45;15.625
2328;8661;47.5272;15.4988
2329;8662;47.5333;15.537675
2330;8663;47.5781;15.5325
2331;8664;47.5609;15.5674
2332;8665;47.5609;15.623914285714289
2333;8670;47.5333;15.59027777777778
2334;8671;47.4833;15.61665
2335;8672;47.4833;15.6958
2336;8673;47.4856;15.6953
2337;8674;47.5055;15.74738
2338;8680;47.6;15.701825
2339;8682;47.5667;15.66726
2340;8684;47.6135;15.751
2341;8685;47.6135;15.7755
2342;8691;47.6729;15.58166
2343;8692;47.6667;15.5757875
2344;8693;47.6729;15.5729
2345;8694;47.7727;15.556125000000002
2346;8700;47.372;15.088283333333337
2353;8712;47.4167;15.09432
2354;8713;47.35;14.971171428571427
2355;8714;47.3167;14.933325
2356;8715;47.3137;14.938878571428573
2357;8720;47.2167;14.812075
2359;8723;47.2357;14.823371428571429
2360;8724;47.1933;14.801371428571429
2361;8731;47.2713;14.687128571428572
2362;8732;47.2667;14.767433333333337
2363;8733;47.3;14.842523076923076
2364;8734;47.1833;14.787200000000002
2365;8740;47.1354;14.73374
2366;8741;47.1453;14.715152631578947
2367;8742;47.1354;14.700563636363636
2369;8750;47.1833;14.627007692307693
2372;8753;47.1906;14.664372727272728
2373;8754;47.2167;14.5959
2374;8755;47.1906;14.588975
2375;8756;47.2;14.5292
2376;8761;47.1833;14.586707142857142
2377;8762;47.2306;14.488811111111112
2378;8763;47.3333;14.4684
2379;8764;47.3061;14.3756
2380;8765;47.2478;14.5331
2382;8770;47.3819;14.966988888888888
2383;8772;47.3667;14.970825
2384;8773;47.4;14.91314
2385;8774;47.3833;14.836916666666667
2386;8775;47.4167;14.780375
2387;8781;47.4167;14.614975
2388;8782;47.4932;14.4432
2389;8783;47.4932;14.4432
2390;8784;47.4833;14.46
2391;8785;47.4167;14.5083
2392;8786;47.5167;14.378785714285714
2393;8790;47.5333;14.8833
2394;8792;47.4;14.9946
2395;8793;47.4333;14.94120476190476
2396;8794;47.4667;14.9596
2397;8795;47.5333;14.725
2398;8800;47.2;14.449999999999998
2399;8811;47.1456;14.383933333333331
2400;8812;47.0833;14.366666666666667
2401;8813;47.0833;14.321333333333332
2402;8820;46.9708;14.44241111111111
2403;8822;46.9869;14.511283333333331
2404;8831;47.1829;14.321966666666668
2405;8832;47.1106;14.253509090909091
2406;8833;47.1333;14.3293
2407;8841;47.1308;14.3086
2408;8842;47.15;14.24938
2409;8843;47.15;14.186816666666669
2410;8844;47.1833;14.12905
2411;8850;47.05;14.161818181818182
2412;8852;47.1253;14.1155
2413;8853;47.1253;14.089519999999998
2414;8854;47.1667;13.9889
2415;8861;47.11;14.079025
2416;8862;47.0833;13.9769
2417;8863;47.0833;13.925
2418;8864;46.9608;13.8878
2419;8900;47.5333;14.29666
2420;8903;47.5333;14.25539375
2421;8904;47.5833;14.355533333333334
2422;8911;47.5833;14.44344
2423;8912;47.5779;14.48655
2424;8913;47.5754;14.457866666666668
2425;8920;47.6476;14.8128
2426;8921;47.6333;14.755966666666666
2427;8922;47.6476;14.8128
2428;8923;47.6476;14.8128
2429;8924;47.6476;14.89805
2430;8931;47.6569;14.729475
2431;8932;47.694;14.641324999999998
2432;8933;47.6833;14.63306
2433;8934;47.8167;14.6331
2434;8940;47.55;14.245257142857144
2436;8942;47.55;14.14165
2437;8943;47.5333;14.1542
2438;8950;47.5334;14.11345
2439;8951;47.5279;14.07105
2440;8952;47.4906;14.0995125
2441;8953;47.45;14.118388888888887
2442;8954;47.4833;13.99932
2443;8960;47.4215;13.9339625
2444;8961;47.4167;13.956325
2445;8962;47.4711;13.901488888888888
2447;8965;47.4108;13.865625
2448;8966;47.4215;13.82466
2449;8967;47.4167;13.767
2450;8970;47.3921;13.68585
2451;8971;47.4064;13.6897
2452;8972;47.3921;13.694866666666668
2453;8973;47.4064;13.6897
2454;8974;47.4064;13.6897
2455;8982;47.5527;13.98775
2456;8983;47.5494;13.940188888888889
2457;8984;47.5527;13.9592
2458;8990;47.6167;13.786354545454545
2459;8992;47.6333;13.76264
2460;8993;47.6153;13.82464
2464;9020;46.6506;14.353895652173913
2477;9061;46.6566;14.295316666666666
2478;9062;46.6575;14.252544444444444
2479;9063;46.6566;14.346683333333331
2480;9064;46.7;14.396852380952382
2481;9065;46.6566;14.386451515151515
2482;9071;46.5667;14.207392307692308
2483;9072;46.5369;14.163711764705882
2484;9073;46.5662;14.223433333333332
2485;9074;46.5908;14.184013333333333
2486;9081;46.6072;14.174725
2487;9082;46.6118;14.1693
2488;9100;46.6483;14.625717857142858
2489;9102;46.6827;14.58717
2490;9103;46.7194;14.630971428571428
2492;9111;46.7002;14.690673333333333
2493;9112;46.7667;14.726748717948718
2494;9113;46.7002;14.756105
2495;9121;46.6217;14.56878
2496;9122;46.6171;14.589927027027027
2497;9123;46.6171;14.5953
2499;9125;46.6171;14.65492
2500;9130;46.5782;14.495354166666669
2501;9131;46.6;14.49524117647059
2502;9132;46.5782;14.517038888888887
2503;9133;46.55;14.565841379310346
2504;9135;46.5782;14.579035714285714
2505;9141;46.5686;14.666042857142855
2506;9142;46.5722;14.701244444444448
2507;9143;46.5842;14.741907142857142
2508;9150;46.6113;14.810486206896552
2509;9155;46.6506;14.85471875
2510;9161;46.5408;14.29991304347826
2511;9162;46.5167;14.25115
2512;9163;46.5408;14.2695
2513;9170;46.5333;14.34894
2516;9173;46.55;14.412292857142855
2517;9181;46.4667;14.165466666666669
2518;9182;46.5333;14.088583333333332
2519;9183;46.5406;14.050083333333331
2520;9184;46.55;14.050063636363635
2521;9201;46.6372;14.19924
2522;9210;46.6333;14.171666666666669
2523;9212;46.65;14.098864705882352
2524;9220;46.6132;14.028529166666669
2525;9231;46.65;14.008216666666668
2526;9232;46.6071;14.006305882352942
2527;9241;46.6167;13.959773913043476
2528;9300;46.778;14.34451142857143
2530;9311;46.8333;14.353927777777775
2531;9312;46.8029;14.398038888888887
2532;9313;46.8016;14.413615384615383
2533;9314;46.8029;14.431438095238097
2534;9321;46.8333;14.466716666666668
2535;9322;46.8556;14.442816666666667
2536;9323;47.0219;14.4028
2538;9330;46.8833;14.457921052631578
2539;9334;46.8862;14.492489473684213
2540;9335;46.9;14.541983333333334
2542;9341;46.8773;14.25746
2543;9342;46.8333;14.242514285714286
2544;9343;46.8773;14.210085714285713
2545;9344;46.8;14.197115
2546;9345;46.8773;14.167373333333334
2547;9346;46.9167;14.135
2548;9360;46.9667;14.385903571428573
2549;9361;46.9885;14.322361904761904
2550;9362;46.9722;14.28764
2551;9363;47.0489;14.194413333333332
2552;9371;46.7414;14.54068947368421
2553;9372;46.7725;14.561858333333332
2554;9373;46.8167;14.5457
2555;9374;46.8714;14.552915384615384
2556;9375;46.8362;14.5499875
2557;9376;46.9344;14.558157142857144
2558;9400;46.8525;14.829234782608696
2560;9411;46.8658;14.777823076923076
2561;9412;46.85;14.789511111111112
2562;9413;46.8833;14.867927777777778
2563;9421;46.7416;14.900122222222222
2564;9422;46.75;14.889984615384614
2565;9423;46.7416;14.90854
2566;9431;46.7905;14.840516216216216
2567;9433;46.7607;14.820938095238096
2568;9441;46.9161;14.86867142857143
2569;9451;46.9667;14.9443
2570;9461;46.9484;14.794720000000002
2571;9462;46.945;14.795789473684213
2572;9463;46.9833;14.7605
2573;9470;46.6763;14.864108333333334
2574;9472;46.6667;14.9426
2575;9473;46.6167;14.93678
2576;9500;46.6173;13.835731578947367
2580;9504;46.6167;13.8247
2587;9520;46.65;13.9
2588;9521;46.6667;13.867257142857143
2589;9523;46.6513;13.8825125
2590;9524;46.6167;13.89045
2591;9530;46.6214;13.752175
2592;9531;46.6044;13.628525
2593;9535;46.5833;14.043413333333335
2594;9536;46.5833;14.02692
2595;9541;46.7039;13.821183333333332
2596;9542;46.7601;13.795715384615384
2597;9543;46.7292;13.846457142857144
2598;9544;46.7601;13.7733125
2599;9545;46.8006;13.759585714285716
2600;9546;46.8228;13.79033
2601;9551;46.6767;14.024927272727274
2602;9552;46.7318;14.07335
2603;9554;46.75;14.176244444444444
2604;9555;46.7318;14.200990476190476
2605;9556;46.7692;14.221024193548386
2606;9560;46.6783;14.096309160305344
2607;9562;46.7345;14.037146428571427
2608;9563;46.7667;13.971123076923076
2609;9564;46.8186;13.97081818181818
2610;9565;46.7413;13.92791
2611;9570;46.6667;13.99095
2612;9571;46.8263;14.036178125
2613;9572;46.8833;14.049547826086956
2614;9580;46.6042;13.89798
2615;9581;46.5425;13.969525
2616;9582;46.55;13.9173125
2617;9583;46.5645;13.89225
2618;9584;46.5464;13.8705
2619;9585;46.6072;13.849271428571427
2620;9586;46.5833;13.81401111111111
2621;9587;46.5697;13.817727272727272
2622;9601;46.5461;13.7107625
2623;9602;46.5583;13.658285714285714
2624;9611;46.6006;13.60442
2625;9612;46.5974;13.577763636363636
2626;9613;46.5628;13.62066
2627;9614;46.5974;13.5445
2628;9615;46.5974;13.514854545454543
2629;9620;46.6272;13.36301052631579
2630;9622;46.6296;13.31454
2631;9623;46.6296;13.464227777777776
2632;9624;46.6167;13.428114285714289
2633;9631;46.6427;13.216461538461536
2634;9632;46.6495;13.182366666666669
2635;9633;46.6427;13.156214285714286
2636;9634;46.6359;13.142236363636362
2637;9635;46.6427;13.10316153846154
2638;9640;46.6666;12.999008333333334
2640;9651;46.6962;12.903125
2641;9652;46.6908;12.862214285714286
2642;9653;46.6836;12.818183333333332
2643;9654;46.7;12.766
2644;9655;46.6962;12.7568375
2645;9701;46.7644;13.598847058823528
2646;9702;46.756;13.625246153846152
2647;9710;46.6567;13.652083333333332
2648;9711;46.6681;13.621710000000002
2649;9712;46.7292;13.6842
2650;9713;46.7104;13.58624
2651;9714;46.7242;13.561077777777776
2652;9721;46.6669;13.72214
2653;9722;46.6667;13.757266666666666
2654;9751;46.7759;13.33542
2655;9753;46.7817;13.335826666666666
2656;9754;46.7759;13.291685714285714
2657;9761;46.7667;13.200425
2658;9762;46.7185;13.283214285714283
2659;9771;46.7333;13.123225
2660;9772;46.7503;13.097958333333333
2661;9773;46.75;13.091664285714286
2662;9781;46.7664;12.9524
2663;9782;46.783;12.915228571428573
2664;9800;46.8167;13.510061111111112
2667;9805;46.7961;13.464771428571428
2668;9811;46.8333;13.404311111111111
2669;9812;46.866;13.359742857142855
2670;9813;46.8364;13.360233333333332
2671;9814;46.85;13.356766666666667
2672;9815;46.866;13.32568
2673;9816;46.8747;13.270728571428572
2674;9821;46.9499;13.206094736842104
2675;9822;46.9833;13.1865
2676;9831;46.95;13.081977777777777
2677;9832;46.8881;13.030846666666667
2678;9833;46.8833;12.96572
2679;9841;46.8833;12.88895
2680;9842;46.9443;12.896777777777778
2681;9843;46.9833;12.89075
2682;9844;46.9443;12.88809090909091
2683;9851;46.8333;13.490577777777778
2684;9852;46.9026;13.497516666666668
2685;9853;46.9;13.515104761904762
2686;9854;46.9026;13.497936363636365
2687;9861;46.95;13.60171875
2688;9862;46.976;13.625876470588237
2689;9863;47.0588;13.607008
2690;9871;46.8154;13.549858333333331
2691;9872;46.785;13.585365
2692;9873;46.8154;13.6175
2693;9900;46.8289;12.7659
2694;9903;46.8508;12.713033333333334
2695;9904;46.8518;12.76112
2696;9905;46.85;12.7833
2697;9906;46.7989;12.8381
2698;9907;46.8161;12.7897
2699;9908;46.8164;12.7636
2700;9909;46.8008;12.739166666666668
2701;9911;46.7833;12.638238888888887
2702;9912;46.7739;12.558785
2703;9913;46.778;12.5904
2704;9918;46.7539;12.4842
2705;9919;46.7547;12.52855
2706;9920;46.7531;12.409
2708;9931;46.7875;12.4314
2709;9932;46.8119;12.3747
2710;9941;46.735;12.48135
2711;9942;46.7106;12.605825
2712;9943;46.7042;12.7086
2713;9951;46.8661;12.691833333333332
2714;9952;46.8769;12.6824
2716;9954;46.8794;12.6542
2717;9961;46.9167;12.516614285714285
2718;9962;46.9336;12.422183333333336
2719;9963;46.9178;12.33532
2720;9971;47.1185;12.53824090909091
2721;9972;47.0;12.45012857142857
2722;9974;47.0167;12.3714
2723;9981;46.9378;12.62868181818182
2724;9990;46.8333;12.8126
2725;9991;46.815;12.8433
2726;9992;46.8333;12.8497
